{
  "mode": "normalized",
  "split": {
    "split_by": "language",
    "test_frac": 0.2,
    "seed": 7,
    "train_n": 1141,
    "test_n": 292
  },
  "train_fit": {
    "counts": {
      "low": {
        "n": 692,
        "correct": 524
      },
      "medium": {
        "n": 1,
        "correct": 1
      },
      "high": {
        "n": 448,
        "correct": 355
      }
    },
    "base_rate": 0.7712532865907099,
    "n_scored": 1141
  },
  "confidence_map_fitted": {
    "low": 0.7572254335260116,
    "medium": 1.0,
    "high": 0.7924107142857143
  },
  "test_uncalibrated": {
    "counts": {
      "overall": {
        "n": 292
      },
      "high": {
        "n": 200
      },
      "low": {
        "n": 92
      }
    },
    "metrics": {
      "overall": {
        "accuracy": 0.8013698630136986,
        "parsed_rate": 1.0,
        "high_conf_accuracy": 0.8761061946902655,
        "high_conf_coverage": 0.386986301369863,
        "rationale_ok_rate": 1.0
      },
      "high": {
        "accuracy": 0.775,
        "parsed_rate": 1.0,
        "high_conf_accuracy": 0.8928571428571429,
        "high_conf_coverage": 0.42,
        "rationale_ok_rate": 1.0
      },
      "low": {
        "accuracy": 0.8586956521739131,
        "parsed_rate": 1.0,
        "high_conf_accuracy": 0.8275862068965517,
        "high_conf_coverage": 0.31521739130434784,
        "rationale_ok_rate": 1.0
      }
    },
    "calibration": {
      "brier_on_correctness": 0.2661749999999996,
      "ece_10bin": 0.2692808219178095,
      "n_with_valid_confidence": 292
    }
  },
  "test_calibrated": {
    "counts": {
      "overall": {
        "n": 292
      },
      "high": {
        "n": 200
      },
      "low": {
        "n": 92
      }
    },
    "metrics": {
      "overall": {
        "accuracy": 0.8013698630136986,
        "parsed_rate": 1.0,
        "high_conf_accuracy": 0.8761061946902655,
        "high_conf_coverage": 0.386986301369863,
        "rationale_ok_rate": 1.0
      },
      "high": {
        "accuracy": 0.775,
        "parsed_rate": 1.0,
        "high_conf_accuracy": 0.8928571428571429,
        "high_conf_coverage": 0.42,
        "rationale_ok_rate": 1.0
      },
      "low": {
        "accuracy": 0.8586956521739131,
        "parsed_rate": 1.0,
        "high_conf_accuracy": 0.8275862068965517,
        "high_conf_coverage": 0.31521739130434784,
        "rationale_ok_rate": 1.0
      }
    },
    "calibration": {
      "brier_on_correctness": 0.15836661331286556,
      "ece_10bin": 0.03052820782383059,
      "n_with_valid_confidence": 292
    }
  }
}