{
  "confidence_map": {
    "low": 0.33,
    "medium": 0.66,
    "high": 0.9
  },
  "normalized": {
    "counts": {
      "overall": {
        "n": 1433
      },
      "high": {
        "n": 1000
      },
      "low": {
        "n": 433
      }
    },
    "metrics": {
      "overall": {
        "accuracy": 0.6566643405443127,
        "parsed_rate": 1.0,
        "high_conf_accuracy": 0.6927465362673186,
        "high_conf_coverage": 0.8562456385205862,
        "rationale_ok_rate": 1.0
      },
      "high": {
        "accuracy": 0.69,
        "parsed_rate": 1.0,
        "high_conf_accuracy": 0.70509977827051,
        "high_conf_coverage": 0.902,
        "rationale_ok_rate": 1.0
      },
      "low": {
        "accuracy": 0.5796766743648961,
        "parsed_rate": 1.0,
        "high_conf_accuracy": 0.6584615384615384,
        "high_conf_coverage": 0.7505773672055427,
        "rationale_ok_rate": 1.0
      }
    },
    "calibration": {
      "brier_on_correctness": 0.2560249127704097,
      "ece_10bin": 0.19276343335658774,
      "n_with_valid_confidence": 1433
    }
  },
  "strict_raw": {
    "counts": {
      "overall": {
        "n": 1433
      },
      "high": {
        "n": 1000
      },
      "low": {
        "n": 433
      }
    },
    "metrics": {
      "overall": {
        "accuracy": 0.6315422191207257,
        "parsed_rate": 0.9644103279832519,
        "high_conf_accuracy": 0.733271375464684,
        "high_conf_coverage": 0.7508722958827634,
        "rationale_ok_rate": 0.9644103279832519
      },
      "high": {
        "accuracy": 0.66,
        "parsed_rate": 0.96,
        "high_conf_accuracy": 0.749034749034749,
        "high_conf_coverage": 0.777,
        "rationale_ok_rate": 0.96
      },
      "low": {
        "accuracy": 0.5658198614318707,
        "parsed_rate": 0.9745958429561201,
        "high_conf_accuracy": 0.6923076923076923,
        "high_conf_coverage": 0.6905311778290993,
        "rationale_ok_rate": 0.9745958429561201
      }
    },
    "calibration": {
      "brier_on_correctness": 0.2274752532561495,
      "ece_10bin": 0.14341534008681878,
      "n_with_valid_confidence": 1382
    }
  },
  "legacy": {
    "counts": {
      "overall": {
        "n": 1433
      },
      "high": {
        "n": 1000
      },
      "low": {
        "n": 433
      }
    },
    "metrics": {
      "overall": {
        "accuracy": 0.6566643405443127,
        "parsed_rate": 1.0,
        "high_conf_accuracy": 0.6927465362673186,
        "high_conf_coverage": 0.8562456385205862,
        "rationale_ok_rate": 1.0
      },
      "high": {
        "accuracy": 0.69,
        "parsed_rate": 1.0,
        "high_conf_accuracy": 0.70509977827051,
        "high_conf_coverage": 0.902,
        "rationale_ok_rate": 1.0
      },
      "low": {
        "accuracy": 0.5796766743648961,
        "parsed_rate": 1.0,
        "high_conf_accuracy": 0.6584615384615384,
        "high_conf_coverage": 0.7505773672055427,
        "rationale_ok_rate": 1.0
      }
    },
    "calibration": {
      "brier_on_correctness": 0.2560249127704097,
      "ece_10bin": 0.19276343335658774,
      "n_with_valid_confidence": 1433
    }
  }
}