{
  "confidence_map": {
    "low": 0.33,
    "medium": 0.66,
    "high": 0.9
  },
  "counts": {
    "overall": {
      "n": 6699
    },
    "lrl": {
      "n": 2233
    },
    "mrl": {
      "n": 2233
    },
    "hrl": {
      "n": 2233
    }
  },
  "metrics": {
    "overall": {
      "accuracy": 0.9699955217196596,
      "precision": 0.9268755935422602,
      "recall": 0.976488244122061,
      "f1": 0.9510353227771011,
      "parsed_rate": 1.0,
      "high_conf_accuracy": 0.9958536585365854,
      "high_conf_coverage": 0.6120316465144051,
      "rationale_ok_rate": 1.0
    },
    "lrl": {
      "accuracy": 0.9883564711150918,
      "precision": 0.9739776951672863,
      "recall": 0.9936788874841972,
      "f1": 0.983729662077597,
      "parsed_rate": 1.0,
      "high_conf_accuracy": 0.9969549330085262,
      "high_conf_coverage": 0.735333631885356,
      "rationale_ok_rate": 1.0
    },
    "mrl": {
      "accuracy": 0.9708911777877295,
      "precision": 0.9125596184419714,
      "recall": 0.9828767123287672,
      "f1": 0.94641384995878,
      "parsed_rate": 1.0,
      "high_conf_accuracy": 0.9952644041041832,
      "high_conf_coverage": 0.567398119122257,
      "rationale_ok_rate": 1.0
    },
    "hrl": {
      "accuracy": 0.9507389162561576,
      "precision": 0.8835820895522388,
      "recall": 0.9487179487179487,
      "f1": 0.9149922720247294,
      "parsed_rate": 1.0,
      "high_conf_accuracy": 0.9949622166246851,
      "high_conf_coverage": 0.5333631885356024,
      "rationale_ok_rate": 1.0
    }
  },
  "calibration": {
    "brier_on_correctness": 0.06402987012986276,
    "ece_10bin": 0.16552171965960344,
    "n_with_valid_confidence": 6699
  }
}