{
  "prompt_version": "v4_strict_json",
  "metrics": {
    "baseline": {
      "raw_parse_rate": 0.5994417306350314,
      "raw_accuracy": 0.4605722260990928,
      "normalized_accuracy": 0.7773900907187719
    },
    "no_vote_table": {
      "raw_parse_rate": 1.0,
      "raw_accuracy": 0.8136775994417307,
      "normalized_accuracy": 0.8136775994417307
    },
    "with_vote_table": {
      "raw_parse_rate": 1.0,
      "raw_accuracy": 0.8283321702721563,
      "normalized_accuracy": 0.8283321702721563
    }
  },
  "raw_parse_compliance_improvement": {
    "no_vote_vs_baseline": {
      "absolute": 0.40055826936496863,
      "relative": 0.6682188591385333
    },
    "with_vote_vs_baseline": {
      "absolute": 0.40055826936496863,
      "relative": 0.6682188591385333
    },
    "with_vote_vs_no_vote": {
      "absolute": 0.0,
      "relative": 0.0
    }
  },
  "comparison_vs_baseline": {
    "no_vote": {
      "raw_parse_rate": {
        "absolute": 0.40055826936496863,
        "relative": 0.6682188591385333
      },
      "raw_accuracy": {
        "absolute": 0.35310537334263786,
        "relative": 0.7666666666666667
      },
      "normalized_accuracy": {
        "absolute": 0.03628750872295883,
        "relative": 0.0466786355475763
      }
    },
    "with_vote": {
      "raw_parse_rate": {
        "absolute": 0.40055826936496863,
        "relative": 0.6682188591385333
      },
      "raw_accuracy": {
        "absolute": 0.3677599441730635,
        "relative": 0.7984848484848485
      },
      "normalized_accuracy": {
        "absolute": 0.05094207955338448,
        "relative": 0.0655296229802513
      }
    }
  },
  "ablation_vote_table_vs_no_vote_table": {
    "raw_parse_rate": {
      "absolute": 0.0,
      "relative": 0.0
    },
    "raw_accuracy": {
      "absolute": 0.01465457083042565,
      "relative": 0.01801029159519722
    },
    "normalized_accuracy": {
      "absolute": 0.01465457083042565,
      "relative": 0.01801029159519722
    }
  }
}