{
  "confidence_map": {
    "low": 0.33,
    "medium": 0.66,
    "high": 0.9
  },
  "normalized": {
    "counts": {
      "overall": {
        "n": 1433
      },
      "high": {
        "n": 1000
      },
      "low": {
        "n": 433
      }
    },
    "metrics": {
      "overall": {
        "accuracy": 0.8283321702721563,
        "precision": 0.7269372693726938,
        "recall": 0.8008130081300813,
        "f1": 0.7620889748549323,
        "parsed_rate": 1.0,
        "high_conf_accuracy": 0.869942196531792,
        "high_conf_coverage": 0.724354501046755,
        "rationale_ok_rate": 1.0
      },
      "high": {
        "accuracy": 0.831,
        "precision": 0.7079646017699115,
        "recall": 0.7741935483870968,
        "f1": 0.7395993836671803,
        "parsed_rate": 1.0,
        "high_conf_accuracy": 0.8651226158038147,
        "high_conf_coverage": 0.734,
        "rationale_ok_rate": 1.0
      },
      "low": {
        "accuracy": 0.8221709006928406,
        "precision": 0.7586206896551724,
        "recall": 0.8461538461538461,
        "f1": 0.8,
        "parsed_rate": 1.0,
        "high_conf_accuracy": 0.881578947368421,
        "high_conf_coverage": 0.7020785219399538,
        "rationale_ok_rate": 1.0
      }
    },
    "calibration": {
      "brier_on_correctness": 0.13926168876482775,
      "ece_10bin": 0.03803210048847518,
      "n_with_valid_confidence": 1433
    }
  },
  "strict_raw": {
    "counts": {
      "overall": {
        "n": 1433
      },
      "high": {
        "n": 1000
      },
      "low": {
        "n": 433
      }
    },
    "metrics": {
      "overall": {
        "accuracy": 0.8283321702721563,
        "precision": 0.7269372693726938,
        "recall": 0.8008130081300813,
        "f1": 0.7620889748549323,
        "parsed_rate": 1.0,
        "high_conf_accuracy": 0.869942196531792,
        "high_conf_coverage": 0.724354501046755,
        "rationale_ok_rate": 1.0
      },
      "high": {
        "accuracy": 0.831,
        "precision": 0.7079646017699115,
        "recall": 0.7741935483870968,
        "f1": 0.7395993836671803,
        "parsed_rate": 1.0,
        "high_conf_accuracy": 0.8651226158038147,
        "high_conf_coverage": 0.734,
        "rationale_ok_rate": 1.0
      },
      "low": {
        "accuracy": 0.8221709006928406,
        "precision": 0.7586206896551724,
        "recall": 0.8461538461538461,
        "f1": 0.8,
        "parsed_rate": 1.0,
        "high_conf_accuracy": 0.881578947368421,
        "high_conf_coverage": 0.7020785219399538,
        "rationale_ok_rate": 1.0
      }
    },
    "calibration": {
      "brier_on_correctness": 0.13926168876482775,
      "ece_10bin": 0.03803210048847518,
      "n_with_valid_confidence": 1433
    }
  },
  "legacy": {
    "counts": {
      "overall": {
        "n": 1433
      },
      "high": {
        "n": 1000
      },
      "low": {
        "n": 433
      }
    },
    "metrics": {
      "overall": {
        "accuracy": 0.8283321702721563,
        "precision": 0.7269372693726938,
        "recall": 0.8008130081300813,
        "f1": 0.7620889748549323,
        "parsed_rate": 1.0,
        "high_conf_accuracy": 0.869942196531792,
        "high_conf_coverage": 0.724354501046755,
        "rationale_ok_rate": 1.0
      },
      "high": {
        "accuracy": 0.831,
        "precision": 0.7079646017699115,
        "recall": 0.7741935483870968,
        "f1": 0.7395993836671803,
        "parsed_rate": 1.0,
        "high_conf_accuracy": 0.8651226158038147,
        "high_conf_coverage": 0.734,
        "rationale_ok_rate": 1.0
      },
      "low": {
        "accuracy": 0.8221709006928406,
        "precision": 0.7586206896551724,
        "recall": 0.8461538461538461,
        "f1": 0.8,
        "parsed_rate": 1.0,
        "high_conf_accuracy": 0.881578947368421,
        "high_conf_coverage": 0.7020785219399538,
        "rationale_ok_rate": 1.0
      }
    },
    "calibration": {
      "brier_on_correctness": 0.13926168876482775,
      "ece_10bin": 0.03803210048847518,
      "n_with_valid_confidence": 1433
    }
  }
}