{
  "confidence_map": {
    "low": 0.33,
    "medium": 0.66,
    "high": 0.9
  },
  "normalized": {
    "counts": {
      "overall": {
        "n": 1433
      },
      "high": {
        "n": 1000
      },
      "low": {
        "n": 433
      }
    },
    "metrics": {
      "overall": {
        "accuracy": 0.6894626657362177,
        "precision": 0.8405797101449275,
        "recall": 0.11788617886178862,
        "f1": 0.20677361853832443,
        "parsed_rate": 1.0,
        "high_conf_accuracy": 0.8472222222222222,
        "high_conf_coverage": 0.05024424284717376,
        "rationale_ok_rate": 1.0
      },
      "high": {
        "accuracy": 0.724,
        "precision": 0.8863636363636364,
        "recall": 0.12580645161290321,
        "f1": 0.22033898305084743,
        "parsed_rate": 1.0,
        "high_conf_accuracy": 0.8936170212765957,
        "high_conf_coverage": 0.047,
        "rationale_ok_rate": 1.0
      },
      "low": {
        "accuracy": 0.6096997690531177,
        "precision": 0.76,
        "recall": 0.1043956043956044,
        "f1": 0.18357487922705315,
        "parsed_rate": 1.0,
        "high_conf_accuracy": 0.76,
        "high_conf_coverage": 0.057736720554272515,
        "rationale_ok_rate": 1.0
      }
    },
    "calibration": {
      "brier_on_correctness": 0.30467069085833604,
      "ece_10bin": 0.28868806699232535,
      "n_with_valid_confidence": 1433
    }
  },
  "strict_raw": {
    "counts": {
      "overall": {
        "n": 1433
      },
      "high": {
        "n": 1000
      },
      "low": {
        "n": 433
      }
    },
    "metrics": {
      "overall": {
        "accuracy": 0.688764829030007,
        "precision": 0.8405797101449275,
        "recall": 0.11812627291242363,
        "f1": 0.20714285714285716,
        "parsed_rate": 0.9986043265875785,
        "high_conf_accuracy": 0.8472222222222222,
        "high_conf_coverage": 0.05024424284717376,
        "rationale_ok_rate": 0.9986043265875785
      },
      "high": {
        "accuracy": 0.723,
        "precision": 0.8863636363636364,
        "recall": 0.12580645161290321,
        "f1": 0.22033898305084743,
        "parsed_rate": 0.999,
        "high_conf_accuracy": 0.8936170212765957,
        "high_conf_coverage": 0.047,
        "rationale_ok_rate": 0.999
      },
      "low": {
        "accuracy": 0.6096997690531177,
        "precision": 0.76,
        "recall": 0.10497237569060773,
        "f1": 0.18446601941747573,
        "parsed_rate": 0.9976905311778291,
        "high_conf_accuracy": 0.76,
        "high_conf_coverage": 0.057736720554272515,
        "rationale_ok_rate": 0.9976905311778291
      }
    },
    "calibration": {
      "brier_on_correctness": 0.30470670859538473,
      "ece_10bin": 0.2888539482879121,
      "n_with_valid_confidence": 1431
    }
  },
  "legacy": {
    "counts": {
      "overall": {
        "n": 1433
      },
      "high": {
        "n": 1000
      },
      "low": {
        "n": 433
      }
    },
    "metrics": {
      "overall": {
        "accuracy": 0.6894626657362177,
        "precision": 0.8405797101449275,
        "recall": 0.11788617886178862,
        "f1": 0.20677361853832443,
        "parsed_rate": 1.0,
        "high_conf_accuracy": 0.8472222222222222,
        "high_conf_coverage": 0.05024424284717376,
        "rationale_ok_rate": 1.0
      },
      "high": {
        "accuracy": 0.724,
        "precision": 0.8863636363636364,
        "recall": 0.12580645161290321,
        "f1": 0.22033898305084743,
        "parsed_rate": 1.0,
        "high_conf_accuracy": 0.8936170212765957,
        "high_conf_coverage": 0.047,
        "rationale_ok_rate": 1.0
      },
      "low": {
        "accuracy": 0.6096997690531177,
        "precision": 0.76,
        "recall": 0.1043956043956044,
        "f1": 0.18357487922705315,
        "parsed_rate": 1.0,
        "high_conf_accuracy": 0.76,
        "high_conf_coverage": 0.057736720554272515,
        "rationale_ok_rate": 1.0
      }
    },
    "calibration": {
      "brier_on_correctness": 0.30467069085833604,
      "ece_10bin": 0.28868806699232535,
      "n_with_valid_confidence": 1433
    }
  }
}