{
  "confidence_map": {
    "low": 0.33,
    "medium": 0.66,
    "high": 0.9
  },
  "normalized": {
    "counts": {
      "overall": {
        "n": 6699
      },
      "lrl": {
        "n": 2233
      },
      "mrl": {
        "n": 2233
      },
      "hrl": {
        "n": 2233
      }
    },
    "metrics": {
      "overall": {
        "accuracy": 0.8749067024929094,
        "precision": 0.7529411764705882,
        "recall": 0.864432216108054,
        "f1": 0.8048439683278994,
        "parsed_rate": 1.0,
        "high_conf_accuracy": 0.8918145392100744,
        "high_conf_coverage": 0.7823555754590238,
        "rationale_ok_rate": 1.0
      },
      "lrl": {
        "accuracy": 0.9010300044782803,
        "precision": 0.8283410138248848,
        "recall": 0.9089759797724399,
        "f1": 0.8667872212176009,
        "parsed_rate": 1.0,
        "high_conf_accuracy": 0.9271587071876507,
        "high_conf_coverage": 0.9283475145544111,
        "rationale_ok_rate": 1.0
      },
      "mrl": {
        "accuracy": 0.890282131661442,
        "precision": 0.7526080476900149,
        "recall": 0.8647260273972602,
        "f1": 0.8047808764940239,
        "parsed_rate": 1.0,
        "high_conf_accuracy": 0.8909892879647133,
        "high_conf_coverage": 0.7107030900134348,
        "rationale_ok_rate": 1.0
      },
      "hrl": {
        "accuracy": 0.8334079713390058,
        "precision": 0.6666666666666666,
        "recall": 0.8076923076923077,
        "f1": 0.7304347826086955,
        "parsed_rate": 1.0,
        "high_conf_accuracy": 0.8462998102466793,
        "high_conf_coverage": 0.7080161218092252,
        "rationale_ok_rate": 1.0
      }
    },
    "calibration": {
      "brier_on_correctness": 0.11408883415434236,
      "ece_10bin": 0.040491118077333105,
      "n_with_valid_confidence": 6699
    }
  },
  "strict_raw": {
    "counts": {
      "overall": {
        "n": 6699
      },
      "lrl": {
        "n": 2233
      },
      "mrl": {
        "n": 2233
      },
      "hrl": {
        "n": 2233
      }
    },
    "metrics": {
      "overall": {
        "accuracy": 0.8741603224361845,
        "precision": 0.7529411764705882,
        "recall": 0.864432216108054,
        "f1": 0.8048439683278994,
        "parsed_rate": 0.9992536199432751,
        "high_conf_accuracy": 0.8918145392100744,
        "high_conf_coverage": 0.7823555754590238,
        "rationale_ok_rate": 0.9992536199432751
      },
      "lrl": {
        "accuracy": 0.9010300044782803,
        "precision": 0.8283410138248848,
        "recall": 0.9089759797724399,
        "f1": 0.8667872212176009,
        "parsed_rate": 1.0,
        "high_conf_accuracy": 0.9271587071876507,
        "high_conf_coverage": 0.9283475145544111,
        "rationale_ok_rate": 1.0
      },
      "mrl": {
        "accuracy": 0.8893864755933721,
        "precision": 0.7526080476900149,
        "recall": 0.8647260273972602,
        "f1": 0.8047808764940239,
        "parsed_rate": 0.9991043439319302,
        "high_conf_accuracy": 0.8909892879647133,
        "high_conf_coverage": 0.7107030900134348,
        "rationale_ok_rate": 0.9991043439319302
      },
      "hrl": {
        "accuracy": 0.8320644872369011,
        "precision": 0.6666666666666666,
        "recall": 0.8076923076923077,
        "f1": 0.7304347826086955,
        "parsed_rate": 0.9986565158978952,
        "high_conf_accuracy": 0.8462998102466793,
        "high_conf_coverage": 0.7080161218092252,
        "rationale_ok_rate": 0.9986565158978952
      }
    },
    "calibration": {
      "brier_on_correctness": 0.11383875112039733,
      "ece_10bin": 0.0400209142515767,
      "n_with_valid_confidence": 6694
    }
  },
  "legacy": {
    "counts": {
      "overall": {
        "n": 6699
      },
      "lrl": {
        "n": 2233
      },
      "mrl": {
        "n": 2233
      },
      "hrl": {
        "n": 2233
      }
    },
    "metrics": {
      "overall": {
        "accuracy": 0.8749067024929094,
        "precision": 0.7529411764705882,
        "recall": 0.864432216108054,
        "f1": 0.8048439683278994,
        "parsed_rate": 1.0,
        "high_conf_accuracy": 0.8918145392100744,
        "high_conf_coverage": 0.7823555754590238,
        "rationale_ok_rate": 1.0
      },
      "lrl": {
        "accuracy": 0.9010300044782803,
        "precision": 0.8283410138248848,
        "recall": 0.9089759797724399,
        "f1": 0.8667872212176009,
        "parsed_rate": 1.0,
        "high_conf_accuracy": 0.9271587071876507,
        "high_conf_coverage": 0.9283475145544111,
        "rationale_ok_rate": 1.0
      },
      "mrl": {
        "accuracy": 0.890282131661442,
        "precision": 0.7526080476900149,
        "recall": 0.8647260273972602,
        "f1": 0.8047808764940239,
        "parsed_rate": 1.0,
        "high_conf_accuracy": 0.8909892879647133,
        "high_conf_coverage": 0.7107030900134348,
        "rationale_ok_rate": 1.0
      },
      "hrl": {
        "accuracy": 0.8334079713390058,
        "precision": 0.6666666666666666,
        "recall": 0.8076923076923077,
        "f1": 0.7304347826086955,
        "parsed_rate": 1.0,
        "high_conf_accuracy": 0.8462998102466793,
        "high_conf_coverage": 0.7080161218092252,
        "rationale_ok_rate": 1.0
      }
    },
    "calibration": {
      "brier_on_correctness": 0.11408883415434236,
      "ece_10bin": 0.040491118077333105,
      "n_with_valid_confidence": 6699
    }
  }
}