{
  "confidence_map": {
    "low": 0.33,
    "medium": 0.66,
    "high": 0.9
  },
  "normalized": {
    "counts": {
      "overall": {
        "n": 6699
      },
      "lrl": {
        "n": 2233
      },
      "mrl": {
        "n": 2233
      },
      "hrl": {
        "n": 2233
      }
    },
    "metrics": {
      "overall": {
        "accuracy": 0.8802806389013286,
        "precision": 0.7649402390438247,
        "recall": 0.864432216108054,
        "f1": 0.8116486613433537,
        "parsed_rate": 1.0,
        "high_conf_accuracy": 0.9116355653128431,
        "high_conf_coverage": 0.8159426780116436,
        "rationale_ok_rate": 1.0
      },
      "lrl": {
        "accuracy": 0.916703985669503,
        "precision": 0.8579881656804734,
        "recall": 0.9165613147914032,
        "f1": 0.8863080684596577,
        "parsed_rate": 1.0,
        "high_conf_accuracy": 0.9465424227562531,
        "high_conf_coverage": 0.9131213613972234,
        "rationale_ok_rate": 1.0
      },
      "mrl": {
        "accuracy": 0.8893864755933721,
        "precision": 0.7445573294629898,
        "recall": 0.8784246575342466,
        "f1": 0.8059701492537313,
        "parsed_rate": 1.0,
        "high_conf_accuracy": 0.9127123608670181,
        "high_conf_coverage": 0.7644424540976265,
        "rationale_ok_rate": 1.0
      },
      "hrl": {
        "accuracy": 0.8347514554411106,
        "precision": 0.6758620689655173,
        "recall": 0.7852564102564102,
        "f1": 0.7264640474425501,
        "parsed_rate": 1.0,
        "high_conf_accuracy": 0.8691860465116279,
        "high_conf_coverage": 0.7702642185400806,
        "rationale_ok_rate": 1.0
      }
    },
    "calibration": {
      "brier_on_correctness": 0.10235479922375726,
      "ece_10bin": 0.024454396178541074,
      "n_with_valid_confidence": 6699
    }
  },
  "strict_raw": {
    "counts": {
      "overall": {
        "n": 6699
      },
      "lrl": {
        "n": 2233
      },
      "mrl": {
        "n": 2233
      },
      "hrl": {
        "n": 2233
      }
    },
    "metrics": {
      "overall": {
        "accuracy": 0.8802806389013286,
        "precision": 0.7649402390438247,
        "recall": 0.864432216108054,
        "f1": 0.8116486613433537,
        "parsed_rate": 1.0,
        "high_conf_accuracy": 0.9116355653128431,
        "high_conf_coverage": 0.8159426780116436,
        "rationale_ok_rate": 1.0
      },
      "lrl": {
        "accuracy": 0.916703985669503,
        "precision": 0.8579881656804734,
        "recall": 0.9165613147914032,
        "f1": 0.8863080684596577,
        "parsed_rate": 1.0,
        "high_conf_accuracy": 0.9465424227562531,
        "high_conf_coverage": 0.9131213613972234,
        "rationale_ok_rate": 1.0
      },
      "mrl": {
        "accuracy": 0.8893864755933721,
        "precision": 0.7445573294629898,
        "recall": 0.8784246575342466,
        "f1": 0.8059701492537313,
        "parsed_rate": 1.0,
        "high_conf_accuracy": 0.9127123608670181,
        "high_conf_coverage": 0.7644424540976265,
        "rationale_ok_rate": 1.0
      },
      "hrl": {
        "accuracy": 0.8347514554411106,
        "precision": 0.6758620689655173,
        "recall": 0.7852564102564102,
        "f1": 0.7264640474425501,
        "parsed_rate": 1.0,
        "high_conf_accuracy": 0.8691860465116279,
        "high_conf_coverage": 0.7702642185400806,
        "rationale_ok_rate": 1.0
      }
    },
    "calibration": {
      "brier_on_correctness": 0.10235479922375726,
      "ece_10bin": 0.024454396178541074,
      "n_with_valid_confidence": 6699
    }
  },
  "legacy": {
    "counts": {
      "overall": {
        "n": 6699
      },
      "lrl": {
        "n": 2233
      },
      "mrl": {
        "n": 2233
      },
      "hrl": {
        "n": 2233
      }
    },
    "metrics": {
      "overall": {
        "accuracy": 0.8802806389013286,
        "precision": 0.7649402390438247,
        "recall": 0.864432216108054,
        "f1": 0.8116486613433537,
        "parsed_rate": 1.0,
        "high_conf_accuracy": 0.9116355653128431,
        "high_conf_coverage": 0.8159426780116436,
        "rationale_ok_rate": 1.0
      },
      "lrl": {
        "accuracy": 0.916703985669503,
        "precision": 0.8579881656804734,
        "recall": 0.9165613147914032,
        "f1": 0.8863080684596577,
        "parsed_rate": 1.0,
        "high_conf_accuracy": 0.9465424227562531,
        "high_conf_coverage": 0.9131213613972234,
        "rationale_ok_rate": 1.0
      },
      "mrl": {
        "accuracy": 0.8893864755933721,
        "precision": 0.7445573294629898,
        "recall": 0.8784246575342466,
        "f1": 0.8059701492537313,
        "parsed_rate": 1.0,
        "high_conf_accuracy": 0.9127123608670181,
        "high_conf_coverage": 0.7644424540976265,
        "rationale_ok_rate": 1.0
      },
      "hrl": {
        "accuracy": 0.8347514554411106,
        "precision": 0.6758620689655173,
        "recall": 0.7852564102564102,
        "f1": 0.7264640474425501,
        "parsed_rate": 1.0,
        "high_conf_accuracy": 0.8691860465116279,
        "high_conf_coverage": 0.7702642185400806,
        "rationale_ok_rate": 1.0
      }
    },
    "calibration": {
      "brier_on_correctness": 0.10235479922375726,
      "ece_10bin": 0.024454396178541074,
      "n_with_valid_confidence": 6699
    }
  }
}