{
  "confidence_map": {
    "low": 0.33,
    "medium": 0.66,
    "high": 0.9
  },
  "normalized": {
    "counts": {
      "overall": {
        "n": 1433
      },
      "high": {
        "n": 1000
      },
      "low": {
        "n": 433
      }
    },
    "metrics": {
      "overall": {
        "accuracy": 0.7843684577808793,
        "precision": 0.7304785894206549,
        "recall": 0.5894308943089431,
        "f1": 0.6524184476940382,
        "parsed_rate": 1.0,
        "high_conf_accuracy": 0.7341772151898734,
        "high_conf_coverage": 0.2756454989532449,
        "rationale_ok_rate": 1.0
      },
      "high": {
        "accuracy": 0.807,
        "precision": 0.708185053380783,
        "recall": 0.6419354838709678,
        "f1": 0.673434856175973,
        "parsed_rate": 1.0,
        "high_conf_accuracy": 0.7132616487455197,
        "high_conf_coverage": 0.279,
        "rationale_ok_rate": 1.0
      },
      "low": {
        "accuracy": 0.7321016166281755,
        "precision": 0.7844827586206896,
        "recall": 0.5,
        "f1": 0.610738255033557,
        "parsed_rate": 1.0,
        "high_conf_accuracy": 0.7844827586206896,
        "high_conf_coverage": 0.2678983833718245,
        "rationale_ok_rate": 1.0
      }
    },
    "calibration": {
      "brier_on_correctness": 0.3385914863921797,
      "ece_10bin": 0.3900488485694337,
      "n_with_valid_confidence": 1433
    }
  },
  "strict_raw": {
    "counts": {
      "overall": {
        "n": 1433
      },
      "high": {
        "n": 1000
      },
      "low": {
        "n": 433
      }
    },
    "metrics": {
      "overall": {
        "accuracy": 0.7836706210746686,
        "precision": 0.7304785894206549,
        "recall": 0.5894308943089431,
        "f1": 0.6524184476940382,
        "parsed_rate": 0.9993021632937893,
        "high_conf_accuracy": 0.7341772151898734,
        "high_conf_coverage": 0.2756454989532449,
        "rationale_ok_rate": 0.9993021632937893
      },
      "high": {
        "accuracy": 0.806,
        "precision": 0.708185053380783,
        "recall": 0.6419354838709678,
        "f1": 0.673434856175973,
        "parsed_rate": 0.999,
        "high_conf_accuracy": 0.7132616487455197,
        "high_conf_coverage": 0.279,
        "rationale_ok_rate": 0.999
      },
      "low": {
        "accuracy": 0.7321016166281755,
        "precision": 0.7844827586206896,
        "recall": 0.5,
        "f1": 0.610738255033557,
        "parsed_rate": 1.0,
        "high_conf_accuracy": 0.7844827586206896,
        "high_conf_coverage": 0.2678983833718245,
        "rationale_ok_rate": 1.0
      }
    },
    "calibration": {
      "brier_on_correctness": 0.338514455307258,
      "ece_10bin": 0.3898533519553062,
      "n_with_valid_confidence": 1432
    }
  },
  "legacy": {
    "counts": {
      "overall": {
        "n": 1433
      },
      "high": {
        "n": 1000
      },
      "low": {
        "n": 433
      }
    },
    "metrics": {
      "overall": {
        "accuracy": 0.7843684577808793,
        "precision": 0.7304785894206549,
        "recall": 0.5894308943089431,
        "f1": 0.6524184476940382,
        "parsed_rate": 1.0,
        "high_conf_accuracy": 0.7341772151898734,
        "high_conf_coverage": 0.2756454989532449,
        "rationale_ok_rate": 1.0
      },
      "high": {
        "accuracy": 0.807,
        "precision": 0.708185053380783,
        "recall": 0.6419354838709678,
        "f1": 0.673434856175973,
        "parsed_rate": 1.0,
        "high_conf_accuracy": 0.7132616487455197,
        "high_conf_coverage": 0.279,
        "rationale_ok_rate": 1.0
      },
      "low": {
        "accuracy": 0.7321016166281755,
        "precision": 0.7844827586206896,
        "recall": 0.5,
        "f1": 0.610738255033557,
        "parsed_rate": 1.0,
        "high_conf_accuracy": 0.7844827586206896,
        "high_conf_coverage": 0.2678983833718245,
        "rationale_ok_rate": 1.0
      }
    },
    "calibration": {
      "brier_on_correctness": 0.3385914863921797,
      "ece_10bin": 0.3900488485694337,
      "n_with_valid_confidence": 1433
    }
  }
}