{
  "confidence_map": {
    "low": 0.33,
    "medium": 0.66,
    "high": 0.9
  },
  "normalized": {
    "counts": {
      "overall": {
        "n": 1433
      },
      "high": {
        "n": 1000
      },
      "low": {
        "n": 433
      }
    },
    "metrics": {
      "overall": {
        "accuracy": 0.7669225401256106,
        "precision": 0.7219101123595506,
        "recall": 0.5223577235772358,
        "f1": 0.6061320754716982,
        "parsed_rate": 1.0,
        "high_conf_accuracy": 0.7215909090909091,
        "high_conf_coverage": 0.24563852058618282,
        "rationale_ok_rate": 1.0
      },
      "high": {
        "accuracy": 0.789,
        "precision": 0.6926070038910506,
        "recall": 0.5741935483870968,
        "f1": 0.6278659611992946,
        "parsed_rate": 1.0,
        "high_conf_accuracy": 0.691699604743083,
        "high_conf_coverage": 0.253,
        "rationale_ok_rate": 1.0
      },
      "low": {
        "accuracy": 0.7159353348729792,
        "precision": 0.797979797979798,
        "recall": 0.4340659340659341,
        "f1": 0.5622775800711743,
        "parsed_rate": 1.0,
        "high_conf_accuracy": 0.797979797979798,
        "high_conf_coverage": 0.22863741339491916,
        "rationale_ok_rate": 1.0
      }
    },
    "calibration": {
      "brier_on_correctness": 0.3367769713886905,
      "ece_10bin": 0.381102581995813,
      "n_with_valid_confidence": 1433
    }
  },
  "strict_raw": {
    "counts": {
      "overall": {
        "n": 1433
      },
      "high": {
        "n": 1000
      },
      "low": {
        "n": 433
      }
    },
    "metrics": {
      "overall": {
        "accuracy": 0.7662247034193999,
        "precision": 0.7219101123595506,
        "recall": 0.5234215885947047,
        "f1": 0.6068476977567886,
        "parsed_rate": 0.9986043265875785,
        "high_conf_accuracy": 0.7215909090909091,
        "high_conf_coverage": 0.24563852058618282,
        "rationale_ok_rate": 0.9972086531751571
      },
      "high": {
        "accuracy": 0.788,
        "precision": 0.6926070038910506,
        "recall": 0.5760517799352751,
        "f1": 0.6289752650176679,
        "parsed_rate": 0.998,
        "high_conf_accuracy": 0.691699604743083,
        "high_conf_coverage": 0.253,
        "rationale_ok_rate": 0.997
      },
      "low": {
        "accuracy": 0.7159353348729792,
        "precision": 0.797979797979798,
        "recall": 0.4340659340659341,
        "f1": 0.5622775800711743,
        "parsed_rate": 1.0,
        "high_conf_accuracy": 0.797979797979798,
        "high_conf_coverage": 0.22863741339491916,
        "rationale_ok_rate": 0.9976905311778291
      }
    },
    "calibration": {
      "brier_on_correctness": 0.33685786163521564,
      "ece_10bin": 0.38139762403913346,
      "n_with_valid_confidence": 1431
    }
  },
  "legacy": {
    "counts": {
      "overall": {
        "n": 1433
      },
      "high": {
        "n": 1000
      },
      "low": {
        "n": 433
      }
    },
    "metrics": {
      "overall": {
        "accuracy": 0.7669225401256106,
        "precision": 0.7219101123595506,
        "recall": 0.5223577235772358,
        "f1": 0.6061320754716982,
        "parsed_rate": 1.0,
        "high_conf_accuracy": 0.7215909090909091,
        "high_conf_coverage": 0.24563852058618282,
        "rationale_ok_rate": 1.0
      },
      "high": {
        "accuracy": 0.789,
        "precision": 0.6926070038910506,
        "recall": 0.5741935483870968,
        "f1": 0.6278659611992946,
        "parsed_rate": 1.0,
        "high_conf_accuracy": 0.691699604743083,
        "high_conf_coverage": 0.253,
        "rationale_ok_rate": 1.0
      },
      "low": {
        "accuracy": 0.7159353348729792,
        "precision": 0.797979797979798,
        "recall": 0.4340659340659341,
        "f1": 0.5622775800711743,
        "parsed_rate": 1.0,
        "high_conf_accuracy": 0.797979797979798,
        "high_conf_coverage": 0.22863741339491916,
        "rationale_ok_rate": 1.0
      }
    },
    "calibration": {
      "brier_on_correctness": 0.3367769713886905,
      "ece_10bin": 0.381102581995813,
      "n_with_valid_confidence": 1433
    }
  }
}