{
  "confidence_map": {
    "low": 0.33,
    "medium": 0.66,
    "high": 0.9
  },
  "normalized": {
    "counts": {
      "overall": {
        "n": 1433
      },
      "high": {
        "n": 1000
      },
      "low": {
        "n": 433
      }
    },
    "metrics": {
      "overall": {
        "accuracy": 0.7773900907187719,
        "precision": 0.736986301369863,
        "recall": 0.5467479674796748,
        "f1": 0.6277712952158694,
        "parsed_rate": 1.0,
        "high_conf_accuracy": 0.8092691622103387,
        "high_conf_coverage": 0.39148639218422887,
        "rationale_ok_rate": 1.0
      },
      "high": {
        "accuracy": 0.789,
        "precision": 0.7796610169491526,
        "recall": 0.44516129032258067,
        "f1": 0.566735112936345,
        "parsed_rate": 1.0,
        "high_conf_accuracy": 0.8401937046004843,
        "high_conf_coverage": 0.413,
        "rationale_ok_rate": 1.0
      },
      "low": {
        "accuracy": 0.7505773672055427,
        "precision": 0.6968085106382979,
        "recall": 0.7197802197802198,
        "f1": 0.708108108108108,
        "parsed_rate": 1.0,
        "high_conf_accuracy": 0.722972972972973,
        "high_conf_coverage": 0.3418013856812933,
        "rationale_ok_rate": 1.0
      }
    },
    "calibration": {
      "brier_on_correctness": 0.28627878576412796,
      "ece_10bin": 0.29505233775296025,
      "n_with_valid_confidence": 1433
    }
  },
  "strict_raw": {
    "counts": {
      "overall": {
        "n": 1433
      },
      "high": {
        "n": 1000
      },
      "low": {
        "n": 433
      }
    },
    "metrics": {
      "overall": {
        "accuracy": 0.4605722260990928,
        "precision": 0.701195219123506,
        "recall": 0.5866666666666667,
        "f1": 0.6388384754990926,
        "parsed_rate": 0.5994417306350314,
        "high_conf_accuracy": 0.812111801242236,
        "high_conf_coverage": 0.4494068387997209,
        "rationale_ok_rate": 0.5575715282623867
      },
      "high": {
        "accuracy": 0.433,
        "precision": 0.7478260869565218,
        "recall": 0.47513812154696133,
        "f1": 0.581081081081081,
        "parsed_rate": 0.557,
        "high_conf_accuracy": 0.8436724565756824,
        "high_conf_coverage": 0.403,
        "rationale_ok_rate": 0.545
      },
      "low": {
        "accuracy": 0.5242494226327945,
        "precision": 0.6617647058823529,
        "recall": 0.7563025210084033,
        "f1": 0.7058823529411765,
        "parsed_rate": 0.6974595842956121,
        "high_conf_accuracy": 0.7593360995850622,
        "high_conf_coverage": 0.5565819861431871,
        "rationale_ok_rate": 0.5866050808314087
      }
    },
    "calibration": {
      "brier_on_correctness": 0.20086973224679866,
      "ece_10bin": 0.14036088474970113,
      "n_with_valid_confidence": 859
    }
  },
  "legacy": {
    "counts": {
      "overall": {
        "n": 1433
      },
      "high": {
        "n": 1000
      },
      "low": {
        "n": 433
      }
    },
    "metrics": {
      "overall": {
        "accuracy": 0.7773900907187719,
        "precision": 0.736986301369863,
        "recall": 0.5467479674796748,
        "f1": 0.6277712952158694,
        "parsed_rate": 1.0,
        "high_conf_accuracy": 0.8092691622103387,
        "high_conf_coverage": 0.39148639218422887,
        "rationale_ok_rate": 1.0
      },
      "high": {
        "accuracy": 0.789,
        "precision": 0.7796610169491526,
        "recall": 0.44516129032258067,
        "f1": 0.566735112936345,
        "parsed_rate": 1.0,
        "high_conf_accuracy": 0.8401937046004843,
        "high_conf_coverage": 0.413,
        "rationale_ok_rate": 1.0
      },
      "low": {
        "accuracy": 0.7505773672055427,
        "precision": 0.6968085106382979,
        "recall": 0.7197802197802198,
        "f1": 0.708108108108108,
        "parsed_rate": 1.0,
        "high_conf_accuracy": 0.722972972972973,
        "high_conf_coverage": 0.3418013856812933,
        "rationale_ok_rate": 1.0
      }
    },
    "calibration": {
      "brier_on_correctness": 0.28627878576412796,
      "ece_10bin": 0.29505233775296025,
      "n_with_valid_confidence": 1433
    }
  }
}