{
  "confidence_map": {
    "low": 0.33,
    "medium": 0.66,
    "high": 0.9
  },
  "counts": {
    "overall": {
      "n": 6699
    },
    "lrl": {
      "n": 2233
    },
    "mrl": {
      "n": 2233
    },
    "hrl": {
      "n": 2233
    }
  },
  "metrics": {
    "overall": {
      "accuracy": 0.9664128974473802,
      "precision": 0.9117920148560817,
      "recall": 0.9824912456228114,
      "f1": 0.9458222971346014,
      "parsed_rate": 1.0,
      "high_conf_accuracy": 0.9990658570761326,
      "high_conf_coverage": 0.3195999402895955,
      "rationale_ok_rate": 1.0
    },
    "lrl": {
      "accuracy": 0.9762651141961487,
      "precision": 0.9392857142857143,
      "recall": 0.9974715549936789,
      "f1": 0.967504598405886,
      "parsed_rate": 1.0,
      "high_conf_accuracy": 1.0,
      "high_conf_coverage": 0.34796238244514105,
      "rationale_ok_rate": 1.0
    },
    "mrl": {
      "accuracy": 0.9717868338557993,
      "precision": 0.9154704944178629,
      "recall": 0.9828767123287672,
      "f1": 0.9479768786127168,
      "parsed_rate": 1.0,
      "high_conf_accuracy": 0.9972413793103448,
      "high_conf_coverage": 0.3246753246753247,
      "rationale_ok_rate": 1.0
    },
    "hrl": {
      "accuracy": 0.9511867442901926,
      "precision": 0.8748180494905385,
      "recall": 0.9631410256410257,
      "f1": 0.9168573607932875,
      "parsed_rate": 1.0,
      "high_conf_accuracy": 1.0,
      "high_conf_coverage": 0.2861621137483206,
      "rationale_ok_rate": 1.0
    }
  },
  "calibration": {
    "brier_on_correctness": 0.0927414240931362,
    "ece_10bin": 0.2297089117778814,
    "n_with_valid_confidence": 6699
  }
}