{
  "confidence_map": {
    "low": 0.33,
    "medium": 0.66,
    "high": 0.9
  },
  "counts": {
    "overall": {
      "n": 6699
    },
    "lrl": {
      "n": 2233
    },
    "mrl": {
      "n": 2233
    },
    "hrl": {
      "n": 2233
    }
  },
  "metrics": {
    "overall": {
      "accuracy": 0.9598447529482013,
      "precision": 0.9215399610136452,
      "recall": 0.9459729864932466,
      "f1": 0.9335966428042459,
      "parsed_rate": 1.0,
      "high_conf_accuracy": 1.0,
      "high_conf_coverage": 0.1618151962979549,
      "rationale_ok_rate": 1.0
    },
    "lrl": {
      "accuracy": 0.9673085535154501,
      "precision": 0.9367396593673966,
      "recall": 0.9734513274336283,
      "f1": 0.9547427154370737,
      "parsed_rate": 1.0,
      "high_conf_accuracy": 1.0,
      "high_conf_coverage": 0.2736229287953426,
      "rationale_ok_rate": 1.0
    },
    "mrl": {
      "accuracy": 0.9659650694133453,
      "precision": 0.9191419141914191,
      "recall": 0.9537671232876712,
      "f1": 0.9361344537815125,
      "parsed_rate": 1.0,
      "high_conf_accuracy": 1.0,
      "high_conf_coverage": 0.12807881773399016,
      "rationale_ok_rate": 1.0
    },
    "hrl": {
      "accuracy": 0.9462606359158083,
      "precision": 0.9038461538461539,
      "recall": 0.9038461538461539,
      "f1": 0.9038461538461539,
      "parsed_rate": 1.0,
      "high_conf_accuracy": 1.0,
      "high_conf_coverage": 0.08374384236453201,
      "rationale_ok_rate": 1.0
    }
  },
  "calibration": {
    "brier_on_correctness": 0.11136199432749662,
    "ece_10bin": 0.26100910583673265,
    "n_with_valid_confidence": 6699
  }
}