{
  "confidence_map": {
    "low": 0.33,
    "medium": 0.66,
    "high": 0.9
  },
  "normalized": {
    "counts": {
      "overall": {
        "n": 6699
      },
      "lrl": {
        "n": 2233
      },
      "mrl": {
        "n": 2233
      },
      "hrl": {
        "n": 2233
      }
    },
    "metrics": {
      "overall": {
        "accuracy": 0.8849081952530229,
        "precision": 0.7775768535262206,
        "recall": 0.8604302151075538,
        "f1": 0.8169080978389931,
        "parsed_rate": 1.0,
        "high_conf_accuracy": 0.9264246682279469,
        "high_conf_coverage": 0.7648902821316614,
        "rationale_ok_rate": 1.0
      },
      "lrl": {
        "accuracy": 0.9158083296014331,
        "precision": 0.851808634772462,
        "recall": 0.922882427307206,
        "f1": 0.8859223300970873,
        "parsed_rate": 1.0,
        "high_conf_accuracy": 0.9629237288135594,
        "high_conf_coverage": 0.8454993282579489,
        "rationale_ok_rate": 1.0
      },
      "mrl": {
        "accuracy": 0.8961038961038961,
        "precision": 0.7658610271903323,
        "recall": 0.8681506849315068,
        "f1": 0.8138041733547352,
        "parsed_rate": 1.0,
        "high_conf_accuracy": 0.9208282582216809,
        "high_conf_coverage": 0.735333631885356,
        "rationale_ok_rate": 1.0
      },
      "hrl": {
        "accuracy": 0.8428123600537394,
        "precision": 0.696969696969697,
        "recall": 0.7740384615384616,
        "f1": 0.733485193621868,
        "parsed_rate": 1.0,
        "high_conf_accuracy": 0.8889585947302384,
        "high_conf_coverage": 0.7138378862516793,
        "rationale_ok_rate": 1.0
      }
    },
    "calibration": {
      "brier_on_correctness": 0.09871970443349003,
      "ece_10bin": 0.0413837886251575,
      "n_with_valid_confidence": 6699
    }
  },
  "strict_raw": {
    "counts": {
      "overall": {
        "n": 6699
      },
      "lrl": {
        "n": 2233
      },
      "mrl": {
        "n": 2233
      },
      "hrl": {
        "n": 2233
      }
    },
    "metrics": {
      "overall": {
        "accuracy": 0.8849081952530229,
        "precision": 0.7775768535262206,
        "recall": 0.8604302151075538,
        "f1": 0.8169080978389931,
        "parsed_rate": 1.0,
        "high_conf_accuracy": 0.9264246682279469,
        "high_conf_coverage": 0.7648902821316614,
        "rationale_ok_rate": 1.0
      },
      "lrl": {
        "accuracy": 0.9158083296014331,
        "precision": 0.851808634772462,
        "recall": 0.922882427307206,
        "f1": 0.8859223300970873,
        "parsed_rate": 1.0,
        "high_conf_accuracy": 0.9629237288135594,
        "high_conf_coverage": 0.8454993282579489,
        "rationale_ok_rate": 1.0
      },
      "mrl": {
        "accuracy": 0.8961038961038961,
        "precision": 0.7658610271903323,
        "recall": 0.8681506849315068,
        "f1": 0.8138041733547352,
        "parsed_rate": 1.0,
        "high_conf_accuracy": 0.9208282582216809,
        "high_conf_coverage": 0.735333631885356,
        "rationale_ok_rate": 1.0
      },
      "hrl": {
        "accuracy": 0.8428123600537394,
        "precision": 0.696969696969697,
        "recall": 0.7740384615384616,
        "f1": 0.733485193621868,
        "parsed_rate": 1.0,
        "high_conf_accuracy": 0.8889585947302384,
        "high_conf_coverage": 0.7138378862516793,
        "rationale_ok_rate": 1.0
      }
    },
    "calibration": {
      "brier_on_correctness": 0.09871970443349003,
      "ece_10bin": 0.0413837886251575,
      "n_with_valid_confidence": 6699
    }
  },
  "legacy": {
    "counts": {
      "overall": {
        "n": 6699
      },
      "lrl": {
        "n": 2233
      },
      "mrl": {
        "n": 2233
      },
      "hrl": {
        "n": 2233
      }
    },
    "metrics": {
      "overall": {
        "accuracy": 0.8849081952530229,
        "precision": 0.7775768535262206,
        "recall": 0.8604302151075538,
        "f1": 0.8169080978389931,
        "parsed_rate": 1.0,
        "high_conf_accuracy": 0.9264246682279469,
        "high_conf_coverage": 0.7648902821316614,
        "rationale_ok_rate": 1.0
      },
      "lrl": {
        "accuracy": 0.9158083296014331,
        "precision": 0.851808634772462,
        "recall": 0.922882427307206,
        "f1": 0.8859223300970873,
        "parsed_rate": 1.0,
        "high_conf_accuracy": 0.9629237288135594,
        "high_conf_coverage": 0.8454993282579489,
        "rationale_ok_rate": 1.0
      },
      "mrl": {
        "accuracy": 0.8961038961038961,
        "precision": 0.7658610271903323,
        "recall": 0.8681506849315068,
        "f1": 0.8138041733547352,
        "parsed_rate": 1.0,
        "high_conf_accuracy": 0.9208282582216809,
        "high_conf_coverage": 0.735333631885356,
        "rationale_ok_rate": 1.0
      },
      "hrl": {
        "accuracy": 0.8428123600537394,
        "precision": 0.696969696969697,
        "recall": 0.7740384615384616,
        "f1": 0.733485193621868,
        "parsed_rate": 1.0,
        "high_conf_accuracy": 0.8889585947302384,
        "high_conf_coverage": 0.7138378862516793,
        "rationale_ok_rate": 1.0
      }
    },
    "calibration": {
      "brier_on_correctness": 0.09871970443349003,
      "ece_10bin": 0.0413837886251575,
      "n_with_valid_confidence": 6699
    }
  }
}