{
  "confidence_map": {
    "low": 0.33,
    "medium": 0.66,
    "high": 0.9
  },
  "normalized": {
    "counts": {
      "overall": {
        "n": 6699
      },
      "lrl": {
        "n": 2233
      },
      "mrl": {
        "n": 2233
      },
      "hrl": {
        "n": 2233
      }
    },
    "metrics": {
      "overall": {
        "accuracy": 0.8022092849679057,
        "precision": 0.6176675977653632,
        "recall": 0.8849424712356178,
        "f1": 0.7275344437589965,
        "parsed_rate": 1.0,
        "high_conf_accuracy": 0.905441354292624,
        "high_conf_coverage": 0.6172563069114794,
        "rationale_ok_rate": 1.0
      },
      "lrl": {
        "accuracy": 0.8159426780116436,
        "precision": 0.6736745886654479,
        "recall": 0.93173198482933,
        "f1": 0.7819628647214855,
        "parsed_rate": 1.0,
        "high_conf_accuracy": 0.9412577747062889,
        "high_conf_coverage": 0.6480071652485445,
        "rationale_ok_rate": 1.0
      },
      "mrl": {
        "accuracy": 0.8190774742498881,
        "precision": 0.6051401869158879,
        "recall": 0.886986301369863,
        "f1": 0.7194444444444446,
        "parsed_rate": 1.0,
        "high_conf_accuracy": 0.9035792549306063,
        "high_conf_coverage": 0.6130765785938199,
        "rationale_ok_rate": 1.0
      },
      "hrl": {
        "accuracy": 0.7716077026421854,
        "precision": 0.562363238512035,
        "recall": 0.8237179487179487,
        "f1": 0.6684005201560468,
        "parsed_rate": 1.0,
        "high_conf_accuracy": 0.868081880212282,
        "high_conf_coverage": 0.5906851768920734,
        "rationale_ok_rate": 1.0
      }
    },
    "calibration": {
      "brier_on_correctness": 0.14172688460963487,
      "ece_10bin": 0.012649649201345332,
      "n_with_valid_confidence": 6699
    }
  },
  "strict_raw": {
    "counts": {
      "overall": {
        "n": 6699
      },
      "lrl": {
        "n": 2233
      },
      "mrl": {
        "n": 2233
      },
      "hrl": {
        "n": 2233
      }
    },
    "metrics": {
      "overall": {
        "accuracy": 0.8022092849679057,
        "precision": 0.6176675977653632,
        "recall": 0.8849424712356178,
        "f1": 0.7275344437589965,
        "parsed_rate": 1.0,
        "high_conf_accuracy": 0.905441354292624,
        "high_conf_coverage": 0.6172563069114794,
        "rationale_ok_rate": 1.0
      },
      "lrl": {
        "accuracy": 0.8159426780116436,
        "precision": 0.6736745886654479,
        "recall": 0.93173198482933,
        "f1": 0.7819628647214855,
        "parsed_rate": 1.0,
        "high_conf_accuracy": 0.9412577747062889,
        "high_conf_coverage": 0.6480071652485445,
        "rationale_ok_rate": 1.0
      },
      "mrl": {
        "accuracy": 0.8190774742498881,
        "precision": 0.6051401869158879,
        "recall": 0.886986301369863,
        "f1": 0.7194444444444446,
        "parsed_rate": 1.0,
        "high_conf_accuracy": 0.9035792549306063,
        "high_conf_coverage": 0.6130765785938199,
        "rationale_ok_rate": 1.0
      },
      "hrl": {
        "accuracy": 0.7716077026421854,
        "precision": 0.562363238512035,
        "recall": 0.8237179487179487,
        "f1": 0.6684005201560468,
        "parsed_rate": 1.0,
        "high_conf_accuracy": 0.868081880212282,
        "high_conf_coverage": 0.5906851768920734,
        "rationale_ok_rate": 1.0
      }
    },
    "calibration": {
      "brier_on_correctness": 0.14172688460963487,
      "ece_10bin": 0.012649649201345332,
      "n_with_valid_confidence": 6699
    }
  },
  "legacy": {
    "counts": {
      "overall": {
        "n": 6699
      },
      "lrl": {
        "n": 2233
      },
      "mrl": {
        "n": 2233
      },
      "hrl": {
        "n": 2233
      }
    },
    "metrics": {
      "overall": {
        "accuracy": 0.8022092849679057,
        "precision": 0.6176675977653632,
        "recall": 0.8849424712356178,
        "f1": 0.7275344437589965,
        "parsed_rate": 1.0,
        "high_conf_accuracy": 0.905441354292624,
        "high_conf_coverage": 0.6172563069114794,
        "rationale_ok_rate": 1.0
      },
      "lrl": {
        "accuracy": 0.8159426780116436,
        "precision": 0.6736745886654479,
        "recall": 0.93173198482933,
        "f1": 0.7819628647214855,
        "parsed_rate": 1.0,
        "high_conf_accuracy": 0.9412577747062889,
        "high_conf_coverage": 0.6480071652485445,
        "rationale_ok_rate": 1.0
      },
      "mrl": {
        "accuracy": 0.8190774742498881,
        "precision": 0.6051401869158879,
        "recall": 0.886986301369863,
        "f1": 0.7194444444444446,
        "parsed_rate": 1.0,
        "high_conf_accuracy": 0.9035792549306063,
        "high_conf_coverage": 0.6130765785938199,
        "rationale_ok_rate": 1.0
      },
      "hrl": {
        "accuracy": 0.7716077026421854,
        "precision": 0.562363238512035,
        "recall": 0.8237179487179487,
        "f1": 0.6684005201560468,
        "parsed_rate": 1.0,
        "high_conf_accuracy": 0.868081880212282,
        "high_conf_coverage": 0.5906851768920734,
        "rationale_ok_rate": 1.0
      }
    },
    "calibration": {
      "brier_on_correctness": 0.14172688460963487,
      "ece_10bin": 0.012649649201345332,
      "n_with_valid_confidence": 6699
    }
  }
}