{
  "confidence_map": {
    "low": 0.33,
    "medium": 0.66,
    "high": 0.9
  },
  "counts": {
    "overall": {
      "n": 6699
    },
    "lrl": {
      "n": 2233
    },
    "mrl": {
      "n": 2233
    },
    "hrl": {
      "n": 2233
    }
  },
  "metrics": {
    "overall": {
      "accuracy": 0.9699955217196596,
      "precision": 0.9165894346617238,
      "recall": 0.9894947473736868,
      "f1": 0.9516478229492422,
      "parsed_rate": 1.0,
      "high_conf_accuracy": 0.9987799918666125,
      "high_conf_coverage": 0.3670697118972981,
      "rationale_ok_rate": 1.0
    },
    "lrl": {
      "accuracy": 0.9686520376175548,
      "precision": 0.919674039580908,
      "recall": 0.9987357774968394,
      "f1": 0.9575757575757576,
      "parsed_rate": 1.0,
      "high_conf_accuracy": 1.0,
      "high_conf_coverage": 0.35781459919390957,
      "rationale_ok_rate": 1.0
    },
    "mrl": {
      "accuracy": 0.9762651141961487,
      "precision": 0.9248,
      "recall": 0.9897260273972602,
      "f1": 0.95616211745244,
      "parsed_rate": 1.0,
      "high_conf_accuracy": 0.9964871194379391,
      "high_conf_coverage": 0.3824451410658307,
      "rationale_ok_rate": 1.0
    },
    "hrl": {
      "accuracy": 0.9650694133452754,
      "precision": 0.9050445103857567,
      "recall": 0.9775641025641025,
      "f1": 0.9399075500770417,
      "parsed_rate": 1.0,
      "high_conf_accuracy": 1.0,
      "high_conf_coverage": 0.36094939543215404,
      "rationale_ok_rate": 1.0
    }
  },
  "calibration": {
    "brier_on_correctness": 0.11119471562918574,
    "ece_10bin": 0.2523421406179819,
    "n_with_valid_confidence": 6699
  }
}