{
  "confidence_map": {
    "low": 0.33,
    "medium": 0.66,
    "high": 0.9
  },
  "normalized": {
    "counts": {
      "overall": {
        "n": 6699
      },
      "lrl": {
        "n": 2233
      },
      "mrl": {
        "n": 2233
      },
      "hrl": {
        "n": 2233
      }
    },
    "metrics": {
      "overall": {
        "accuracy": 0.8555008210180624,
        "precision": 0.7044823482744943,
        "recall": 0.8884442221110556,
        "f1": 0.7858407079646018,
        "parsed_rate": 1.0,
        "high_conf_accuracy": 0.8795580110497238,
        "high_conf_coverage": 0.8105687416032243,
        "rationale_ok_rate": 1.0
      },
      "lrl": {
        "accuracy": 0.8808777429467085,
        "precision": 0.7783669141039237,
        "recall": 0.9279393173198482,
        "f1": 0.8465974625144176,
        "parsed_rate": 1.0,
        "high_conf_accuracy": 0.9161041465766635,
        "high_conf_coverage": 0.928795342588446,
        "rationale_ok_rate": 1.0
      },
      "mrl": {
        "accuracy": 0.8669950738916257,
        "precision": 0.6910785619174434,
        "recall": 0.8886986301369864,
        "f1": 0.7775280898876404,
        "parsed_rate": 1.0,
        "high_conf_accuracy": 0.881903642773208,
        "high_conf_coverage": 0.7622033139274519,
        "rationale_ok_rate": 1.0
      },
      "hrl": {
        "accuracy": 0.8186296462158531,
        "precision": 0.6324062877871826,
        "recall": 0.8381410256410257,
        "f1": 0.720882150241213,
        "parsed_rate": 1.0,
        "high_conf_accuracy": 0.8313180169286578,
        "high_conf_coverage": 0.7407075682937752,
        "rationale_ok_rate": 1.0
      }
    },
    "calibration": {
      "brier_on_correctness": 0.12345267950439472,
      "ece_10bin": 0.03444842513807731,
      "n_with_valid_confidence": 6699
    }
  },
  "strict_raw": {
    "counts": {
      "overall": {
        "n": 6699
      },
      "lrl": {
        "n": 2233
      },
      "mrl": {
        "n": 2233
      },
      "hrl": {
        "n": 2233
      }
    },
    "metrics": {
      "overall": {
        "accuracy": 0.8550529929840275,
        "precision": 0.7044823482744943,
        "recall": 0.8884442221110556,
        "f1": 0.7858407079646018,
        "parsed_rate": 0.999552171965965,
        "high_conf_accuracy": 0.8795580110497238,
        "high_conf_coverage": 0.8105687416032243,
        "rationale_ok_rate": 0.999552171965965
      },
      "lrl": {
        "accuracy": 0.8808777429467085,
        "precision": 0.7783669141039237,
        "recall": 0.9279393173198482,
        "f1": 0.8465974625144176,
        "parsed_rate": 1.0,
        "high_conf_accuracy": 0.9161041465766635,
        "high_conf_coverage": 0.928795342588446,
        "rationale_ok_rate": 1.0
      },
      "mrl": {
        "accuracy": 0.8660994178235557,
        "precision": 0.6910785619174434,
        "recall": 0.8886986301369864,
        "f1": 0.7775280898876404,
        "parsed_rate": 0.9991043439319302,
        "high_conf_accuracy": 0.881903642773208,
        "high_conf_coverage": 0.7622033139274519,
        "rationale_ok_rate": 0.9991043439319302
      },
      "hrl": {
        "accuracy": 0.8181818181818182,
        "precision": 0.6324062877871826,
        "recall": 0.8381410256410257,
        "f1": 0.720882150241213,
        "parsed_rate": 0.999552171965965,
        "high_conf_accuracy": 0.8313180169286578,
        "high_conf_coverage": 0.7407075682937752,
        "rationale_ok_rate": 0.999552171965965
      }
    },
    "calibration": {
      "brier_on_correctness": 0.12330686977298988,
      "ece_10bin": 0.0341636798088381,
      "n_with_valid_confidence": 6696
    }
  },
  "legacy": {
    "counts": {
      "overall": {
        "n": 6699
      },
      "lrl": {
        "n": 2233
      },
      "mrl": {
        "n": 2233
      },
      "hrl": {
        "n": 2233
      }
    },
    "metrics": {
      "overall": {
        "accuracy": 0.8555008210180624,
        "precision": 0.7044823482744943,
        "recall": 0.8884442221110556,
        "f1": 0.7858407079646018,
        "parsed_rate": 1.0,
        "high_conf_accuracy": 0.8795580110497238,
        "high_conf_coverage": 0.8105687416032243,
        "rationale_ok_rate": 1.0
      },
      "lrl": {
        "accuracy": 0.8808777429467085,
        "precision": 0.7783669141039237,
        "recall": 0.9279393173198482,
        "f1": 0.8465974625144176,
        "parsed_rate": 1.0,
        "high_conf_accuracy": 0.9161041465766635,
        "high_conf_coverage": 0.928795342588446,
        "rationale_ok_rate": 1.0
      },
      "mrl": {
        "accuracy": 0.8669950738916257,
        "precision": 0.6910785619174434,
        "recall": 0.8886986301369864,
        "f1": 0.7775280898876404,
        "parsed_rate": 1.0,
        "high_conf_accuracy": 0.881903642773208,
        "high_conf_coverage": 0.7622033139274519,
        "rationale_ok_rate": 1.0
      },
      "hrl": {
        "accuracy": 0.8186296462158531,
        "precision": 0.6324062877871826,
        "recall": 0.8381410256410257,
        "f1": 0.720882150241213,
        "parsed_rate": 1.0,
        "high_conf_accuracy": 0.8313180169286578,
        "high_conf_coverage": 0.7407075682937752,
        "rationale_ok_rate": 1.0
      }
    },
    "calibration": {
      "brier_on_correctness": 0.12345267950439472,
      "ece_10bin": 0.03444842513807731,
      "n_with_valid_confidence": 6699
    }
  }
}