{
  "confidence_map": {
    "low": 0.33,
    "medium": 0.66,
    "high": 0.9
  },
  "normalized": {
    "counts": {
      "overall": {
        "n": 6699
      },
      "lrl": {
        "n": 2233
      },
      "mrl": {
        "n": 2233
      },
      "hrl": {
        "n": 2233
      }
    },
    "metrics": {
      "overall": {
        "accuracy": 0.890580683684132,
        "precision": 0.7941449814126395,
        "recall": 0.8549274637318659,
        "f1": 0.8234160443266683,
        "parsed_rate": 1.0,
        "high_conf_accuracy": 0.9296744186046512,
        "high_conf_coverage": 0.8023585609792506,
        "rationale_ok_rate": 1.0
      },
      "lrl": {
        "accuracy": 0.9283475145544111,
        "precision": 0.8871165644171779,
        "recall": 0.9140328697850821,
        "f1": 0.9003735990037359,
        "parsed_rate": 1.0,
        "high_conf_accuracy": 0.9555446995603322,
        "high_conf_coverage": 0.916703985669503,
        "rationale_ok_rate": 1.0
      },
      "mrl": {
        "accuracy": 0.8992386923421406,
        "precision": 0.7826771653543307,
        "recall": 0.851027397260274,
        "f1": 0.815422477440525,
        "parsed_rate": 1.0,
        "high_conf_accuracy": 0.9351351351351351,
        "high_conf_coverage": 0.7456336766681594,
        "rationale_ok_rate": 1.0
      },
      "hrl": {
        "accuracy": 0.8441558441558441,
        "precision": 0.6965811965811965,
        "recall": 0.7836538461538461,
        "f1": 0.7375565610859729,
        "parsed_rate": 1.0,
        "high_conf_accuracy": 0.8923631990378833,
        "high_conf_coverage": 0.7447380206000895,
        "rationale_ok_rate": 1.0
      }
    },
    "calibration": {
      "brier_on_correctness": 0.09296975668009438,
      "ece_10bin": 0.0380146290491142,
      "n_with_valid_confidence": 6699
    }
  },
  "strict_raw": {
    "counts": {
      "overall": {
        "n": 6699
      },
      "lrl": {
        "n": 2233
      },
      "mrl": {
        "n": 2233
      },
      "hrl": {
        "n": 2233
      }
    },
    "metrics": {
      "overall": {
        "accuracy": 0.890580683684132,
        "precision": 0.7941449814126395,
        "recall": 0.8549274637318659,
        "f1": 0.8234160443266683,
        "parsed_rate": 1.0,
        "high_conf_accuracy": 0.9296744186046512,
        "high_conf_coverage": 0.8023585609792506,
        "rationale_ok_rate": 1.0
      },
      "lrl": {
        "accuracy": 0.9283475145544111,
        "precision": 0.8871165644171779,
        "recall": 0.9140328697850821,
        "f1": 0.9003735990037359,
        "parsed_rate": 1.0,
        "high_conf_accuracy": 0.9555446995603322,
        "high_conf_coverage": 0.916703985669503,
        "rationale_ok_rate": 1.0
      },
      "mrl": {
        "accuracy": 0.8992386923421406,
        "precision": 0.7826771653543307,
        "recall": 0.851027397260274,
        "f1": 0.815422477440525,
        "parsed_rate": 1.0,
        "high_conf_accuracy": 0.9351351351351351,
        "high_conf_coverage": 0.7456336766681594,
        "rationale_ok_rate": 1.0
      },
      "hrl": {
        "accuracy": 0.8441558441558441,
        "precision": 0.6965811965811965,
        "recall": 0.7836538461538461,
        "f1": 0.7375565610859729,
        "parsed_rate": 1.0,
        "high_conf_accuracy": 0.8923631990378833,
        "high_conf_coverage": 0.7447380206000895,
        "rationale_ok_rate": 1.0
      }
    },
    "calibration": {
      "brier_on_correctness": 0.09296975668009438,
      "ece_10bin": 0.0380146290491142,
      "n_with_valid_confidence": 6699
    }
  },
  "legacy": {
    "counts": {
      "overall": {
        "n": 6699
      },
      "lrl": {
        "n": 2233
      },
      "mrl": {
        "n": 2233
      },
      "hrl": {
        "n": 2233
      }
    },
    "metrics": {
      "overall": {
        "accuracy": 0.890580683684132,
        "precision": 0.7941449814126395,
        "recall": 0.8549274637318659,
        "f1": 0.8234160443266683,
        "parsed_rate": 1.0,
        "high_conf_accuracy": 0.9296744186046512,
        "high_conf_coverage": 0.8023585609792506,
        "rationale_ok_rate": 1.0
      },
      "lrl": {
        "accuracy": 0.9283475145544111,
        "precision": 0.8871165644171779,
        "recall": 0.9140328697850821,
        "f1": 0.9003735990037359,
        "parsed_rate": 1.0,
        "high_conf_accuracy": 0.9555446995603322,
        "high_conf_coverage": 0.916703985669503,
        "rationale_ok_rate": 1.0
      },
      "mrl": {
        "accuracy": 0.8992386923421406,
        "precision": 0.7826771653543307,
        "recall": 0.851027397260274,
        "f1": 0.815422477440525,
        "parsed_rate": 1.0,
        "high_conf_accuracy": 0.9351351351351351,
        "high_conf_coverage": 0.7456336766681594,
        "rationale_ok_rate": 1.0
      },
      "hrl": {
        "accuracy": 0.8441558441558441,
        "precision": 0.6965811965811965,
        "recall": 0.7836538461538461,
        "f1": 0.7375565610859729,
        "parsed_rate": 1.0,
        "high_conf_accuracy": 0.8923631990378833,
        "high_conf_coverage": 0.7447380206000895,
        "rationale_ok_rate": 1.0
      }
    },
    "calibration": {
      "brier_on_correctness": 0.09296975668009438,
      "ece_10bin": 0.0380146290491142,
      "n_with_valid_confidence": 6699
    }
  }
}