{
  "confidence_map": {
    "low": 0.33,
    "medium": 0.66,
    "high": 0.9
  },
  "counts": {
    "overall": {
      "n": 6699
    },
    "lrl": {
      "n": 2233
    },
    "mrl": {
      "n": 2233
    },
    "hrl": {
      "n": 2233
    }
  },
  "metrics": {
    "overall": {
      "accuracy": 0.9602925809822361,
      "precision": 0.8929705215419501,
      "recall": 0.984992496248124,
      "f1": 0.9367269267364414,
      "parsed_rate": 1.0,
      "high_conf_accuracy": 0.9973434535104364,
      "high_conf_coverage": 0.39334228989401404,
      "rationale_ok_rate": 1.0
    },
    "lrl": {
      "accuracy": 0.9682042095835199,
      "precision": 0.9186046511627907,
      "recall": 0.9987357774968394,
      "f1": 0.9569957601453665,
      "parsed_rate": 1.0,
      "high_conf_accuracy": 1.0,
      "high_conf_coverage": 0.39767129422301833,
      "rationale_ok_rate": 1.0
    },
    "mrl": {
      "accuracy": 0.9668607254814151,
      "precision": 0.8959627329192547,
      "recall": 0.988013698630137,
      "f1": 0.9397394136807817,
      "parsed_rate": 1.0,
      "high_conf_accuracy": 0.9944994499449945,
      "high_conf_coverage": 0.4070756829377519,
      "rationale_ok_rate": 1.0
    },
    "hrl": {
      "accuracy": 0.9458128078817734,
      "precision": 0.8587731811697575,
      "recall": 0.9647435897435898,
      "f1": 0.9086792452830189,
      "parsed_rate": 1.0,
      "high_conf_accuracy": 0.9976133651551312,
      "high_conf_coverage": 0.3752798925212718,
      "rationale_ok_rate": 1.0
    }
  },
  "calibration": {
    "brier_on_correctness": 0.09967001044930915,
    "ece_10bin": 0.2241170323928732,
    "n_with_valid_confidence": 6699
  }
}