{
  "confidence_map": {
    "low": 0.33,
    "medium": 0.66,
    "high": 0.9
  },
  "normalized": {
    "counts": {
      "overall": {
        "n": 6699
      },
      "lrl": {
        "n": 2233
      },
      "mrl": {
        "n": 2233
      },
      "hrl": {
        "n": 2233
      }
    },
    "metrics": {
      "overall": {
        "accuracy": 0.8834154351395731,
        "precision": 0.7678100263852242,
        "recall": 0.8734367183591796,
        "f1": 0.8172244324830331,
        "parsed_rate": 1.0,
        "high_conf_accuracy": 0.9286253776435045,
        "high_conf_coverage": 0.7905657560829975,
        "rationale_ok_rate": 1.0
      },
      "lrl": {
        "accuracy": 0.9144648454993283,
        "precision": 0.8504672897196262,
        "recall": 0.9203539823008849,
        "f1": 0.8840315725561627,
        "parsed_rate": 1.0,
        "high_conf_accuracy": 0.9592573491490459,
        "high_conf_coverage": 0.8683385579937304,
        "rationale_ok_rate": 1.0
      },
      "mrl": {
        "accuracy": 0.8938647559337215,
        "precision": 0.7585692995529061,
        "recall": 0.8715753424657534,
        "f1": 0.8111553784860557,
        "parsed_rate": 1.0,
        "high_conf_accuracy": 0.9284447072738025,
        "high_conf_coverage": 0.7572772055530677,
        "rationale_ok_rate": 1.0
      },
      "hrl": {
        "accuracy": 0.8419167039856695,
        "precision": 0.6813922356091031,
        "recall": 0.8157051282051282,
        "f1": 0.7425237053245806,
        "parsed_rate": 1.0,
        "high_conf_accuracy": 0.8931572629051621,
        "high_conf_coverage": 0.7460815047021944,
        "rationale_ok_rate": 1.0
      }
    },
    "calibration": {
      "brier_on_correctness": 0.09650894163307248,
      "ece_10bin": 0.03377817584713989,
      "n_with_valid_confidence": 6699
    }
  },
  "strict_raw": {
    "counts": {
      "overall": {
        "n": 6699
      },
      "lrl": {
        "n": 2233
      },
      "mrl": {
        "n": 2233
      },
      "hrl": {
        "n": 2233
      }
    },
    "metrics": {
      "overall": {
        "accuracy": 0.8834154351395731,
        "precision": 0.7678100263852242,
        "recall": 0.8734367183591796,
        "f1": 0.8172244324830331,
        "parsed_rate": 1.0,
        "high_conf_accuracy": 0.9286253776435045,
        "high_conf_coverage": 0.7905657560829975,
        "rationale_ok_rate": 1.0
      },
      "lrl": {
        "accuracy": 0.9144648454993283,
        "precision": 0.8504672897196262,
        "recall": 0.9203539823008849,
        "f1": 0.8840315725561627,
        "parsed_rate": 1.0,
        "high_conf_accuracy": 0.9592573491490459,
        "high_conf_coverage": 0.8683385579937304,
        "rationale_ok_rate": 1.0
      },
      "mrl": {
        "accuracy": 0.8938647559337215,
        "precision": 0.7585692995529061,
        "recall": 0.8715753424657534,
        "f1": 0.8111553784860557,
        "parsed_rate": 1.0,
        "high_conf_accuracy": 0.9284447072738025,
        "high_conf_coverage": 0.7572772055530677,
        "rationale_ok_rate": 1.0
      },
      "hrl": {
        "accuracy": 0.8419167039856695,
        "precision": 0.6813922356091031,
        "recall": 0.8157051282051282,
        "f1": 0.7425237053245806,
        "parsed_rate": 1.0,
        "high_conf_accuracy": 0.8931572629051621,
        "high_conf_coverage": 0.7460815047021944,
        "rationale_ok_rate": 1.0
      }
    },
    "calibration": {
      "brier_on_correctness": 0.09650894163307248,
      "ece_10bin": 0.03377817584713989,
      "n_with_valid_confidence": 6699
    }
  },
  "legacy": {
    "counts": {
      "overall": {
        "n": 6699
      },
      "lrl": {
        "n": 2233
      },
      "mrl": {
        "n": 2233
      },
      "hrl": {
        "n": 2233
      }
    },
    "metrics": {
      "overall": {
        "accuracy": 0.8834154351395731,
        "precision": 0.7678100263852242,
        "recall": 0.8734367183591796,
        "f1": 0.8172244324830331,
        "parsed_rate": 1.0,
        "high_conf_accuracy": 0.9286253776435045,
        "high_conf_coverage": 0.7905657560829975,
        "rationale_ok_rate": 1.0
      },
      "lrl": {
        "accuracy": 0.9144648454993283,
        "precision": 0.8504672897196262,
        "recall": 0.9203539823008849,
        "f1": 0.8840315725561627,
        "parsed_rate": 1.0,
        "high_conf_accuracy": 0.9592573491490459,
        "high_conf_coverage": 0.8683385579937304,
        "rationale_ok_rate": 1.0
      },
      "mrl": {
        "accuracy": 0.8938647559337215,
        "precision": 0.7585692995529061,
        "recall": 0.8715753424657534,
        "f1": 0.8111553784860557,
        "parsed_rate": 1.0,
        "high_conf_accuracy": 0.9284447072738025,
        "high_conf_coverage": 0.7572772055530677,
        "rationale_ok_rate": 1.0
      },
      "hrl": {
        "accuracy": 0.8419167039856695,
        "precision": 0.6813922356091031,
        "recall": 0.8157051282051282,
        "f1": 0.7425237053245806,
        "parsed_rate": 1.0,
        "high_conf_accuracy": 0.8931572629051621,
        "high_conf_coverage": 0.7460815047021944,
        "rationale_ok_rate": 1.0
      }
    },
    "calibration": {
      "brier_on_correctness": 0.09650894163307248,
      "ece_10bin": 0.03377817584713989,
      "n_with_valid_confidence": 6699
    }
  }
}