{
  "confidence_map": {
    "low": 0.33,
    "medium": 0.66,
    "high": 0.9
  },
  "normalized": {
    "counts": {
      "overall": {
        "n": 1433
      },
      "high": {
        "n": 1000
      },
      "low": {
        "n": 433
      }
    },
    "metrics": {
      "overall": {
        "accuracy": 0.7794836008374041,
        "precision": 0.7178217821782178,
        "recall": 0.5894308943089431,
        "f1": 0.6473214285714285,
        "parsed_rate": 1.0,
        "high_conf_accuracy": 0.7231920199501247,
        "high_conf_coverage": 0.27983251919050944,
        "rationale_ok_rate": 1.0
      },
      "high": {
        "accuracy": 0.8,
        "precision": 0.6950354609929078,
        "recall": 0.632258064516129,
        "f1": 0.6621621621621621,
        "parsed_rate": 1.0,
        "high_conf_accuracy": 0.7025089605734767,
        "high_conf_coverage": 0.279,
        "rationale_ok_rate": 1.0
      },
      "low": {
        "accuracy": 0.7321016166281755,
        "precision": 0.7704918032786885,
        "recall": 0.5164835164835165,
        "f1": 0.618421052631579,
        "parsed_rate": 1.0,
        "high_conf_accuracy": 0.7704918032786885,
        "high_conf_coverage": 0.2817551963048499,
        "rationale_ok_rate": 1.0
      }
    },
    "calibration": {
      "brier_on_correctness": 0.33986615491974437,
      "ece_10bin": 0.3903140265177937,
      "n_with_valid_confidence": 1433
    }
  },
  "strict_raw": {
    "counts": {
      "overall": {
        "n": 1433
      },
      "high": {
        "n": 1000
      },
      "low": {
        "n": 433
      }
    },
    "metrics": {
      "overall": {
        "accuracy": 0.7780879274249826,
        "precision": 0.7196029776674938,
        "recall": 0.5894308943089431,
        "f1": 0.6480446927374303,
        "parsed_rate": 0.9979064898813678,
        "high_conf_accuracy": 0.7231920199501247,
        "high_conf_coverage": 0.27983251919050944,
        "rationale_ok_rate": 0.9979064898813678
      },
      "high": {
        "accuracy": 0.798,
        "precision": 0.697508896797153,
        "recall": 0.632258064516129,
        "f1": 0.6632825719120135,
        "parsed_rate": 0.997,
        "high_conf_accuracy": 0.7025089605734767,
        "high_conf_coverage": 0.279,
        "rationale_ok_rate": 0.997
      },
      "low": {
        "accuracy": 0.7321016166281755,
        "precision": 0.7704918032786885,
        "recall": 0.5164835164835165,
        "f1": 0.618421052631579,
        "parsed_rate": 1.0,
        "high_conf_accuracy": 0.7704918032786885,
        "high_conf_coverage": 0.2817551963048499,
        "rationale_ok_rate": 1.0
      }
    },
    "calibration": {
      "brier_on_correctness": 0.33987517482517043,
      "ece_10bin": 0.39042657342657217,
      "n_with_valid_confidence": 1430
    }
  },
  "legacy": {
    "counts": {
      "overall": {
        "n": 1433
      },
      "high": {
        "n": 1000
      },
      "low": {
        "n": 433
      }
    },
    "metrics": {
      "overall": {
        "accuracy": 0.7794836008374041,
        "precision": 0.7178217821782178,
        "recall": 0.5894308943089431,
        "f1": 0.6473214285714285,
        "parsed_rate": 1.0,
        "high_conf_accuracy": 0.7231920199501247,
        "high_conf_coverage": 0.27983251919050944,
        "rationale_ok_rate": 1.0
      },
      "high": {
        "accuracy": 0.8,
        "precision": 0.6950354609929078,
        "recall": 0.632258064516129,
        "f1": 0.6621621621621621,
        "parsed_rate": 1.0,
        "high_conf_accuracy": 0.7025089605734767,
        "high_conf_coverage": 0.279,
        "rationale_ok_rate": 1.0
      },
      "low": {
        "accuracy": 0.7321016166281755,
        "precision": 0.7704918032786885,
        "recall": 0.5164835164835165,
        "f1": 0.618421052631579,
        "parsed_rate": 1.0,
        "high_conf_accuracy": 0.7704918032786885,
        "high_conf_coverage": 0.2817551963048499,
        "rationale_ok_rate": 1.0
      }
    },
    "calibration": {
      "brier_on_correctness": 0.33986615491974437,
      "ece_10bin": 0.3903140265177937,
      "n_with_valid_confidence": 1433
    }
  }
}