{
  "confidence_map": {
    "low": 0.33,
    "medium": 0.66,
    "high": 0.9
  },
  "normalized": {
    "counts": {
      "overall": {
        "n": 1433
      },
      "high": {
        "n": 1000
      },
      "low": {
        "n": 433
      }
    },
    "metrics": {
      "overall": {
        "accuracy": 0.7718073970690859,
        "precision": 0.7272727272727273,
        "recall": 0.5365853658536586,
        "f1": 0.6175438596491228,
        "parsed_rate": 1.0,
        "high_conf_accuracy": 0.7285318559556787,
        "high_conf_coverage": 0.25191905094207956,
        "rationale_ok_rate": 1.0
      },
      "high": {
        "accuracy": 0.79,
        "precision": 0.6893939393939394,
        "recall": 0.5870967741935483,
        "f1": 0.6341463414634146,
        "parsed_rate": 1.0,
        "high_conf_accuracy": 0.6908396946564885,
        "high_conf_coverage": 0.262,
        "rationale_ok_rate": 1.0
      },
      "low": {
        "accuracy": 0.7297921478060047,
        "precision": 0.8282828282828283,
        "recall": 0.45054945054945056,
        "f1": 0.5836298932384342,
        "parsed_rate": 1.0,
        "high_conf_accuracy": 0.8282828282828283,
        "high_conf_coverage": 0.22863741339491916,
        "rationale_ok_rate": 1.0
      }
    },
    "calibration": {
      "brier_on_correctness": 0.33637906489880903,
      "ece_10bin": 0.3818422889043962,
      "n_with_valid_confidence": 1433
    }
  },
  "strict_raw": {
    "counts": {
      "overall": {
        "n": 1433
      },
      "high": {
        "n": 1000
      },
      "low": {
        "n": 433
      }
    },
    "metrics": {
      "overall": {
        "accuracy": 0.7718073970690859,
        "precision": 0.7272727272727273,
        "recall": 0.5376782077393075,
        "f1": 0.6182669789227166,
        "parsed_rate": 0.9993021632937893,
        "high_conf_accuracy": 0.7285318559556787,
        "high_conf_coverage": 0.25191905094207956,
        "rationale_ok_rate": 0.9965108164689462
      },
      "high": {
        "accuracy": 0.79,
        "precision": 0.6893939393939394,
        "recall": 0.5889967637540453,
        "f1": 0.6352530541012218,
        "parsed_rate": 0.999,
        "high_conf_accuracy": 0.6908396946564885,
        "high_conf_coverage": 0.262,
        "rationale_ok_rate": 0.995
      },
      "low": {
        "accuracy": 0.7297921478060047,
        "precision": 0.8282828282828283,
        "recall": 0.45054945054945056,
        "f1": 0.5836298932384342,
        "parsed_rate": 1.0,
        "high_conf_accuracy": 0.8282828282828283,
        "high_conf_coverage": 0.22863741339491916,
        "rationale_ok_rate": 1.0
      }
    },
    "calibration": {
      "brier_on_correctness": 0.33653791899440877,
      "ece_10bin": 0.38233938547486007,
      "n_with_valid_confidence": 1432
    }
  },
  "legacy": {
    "counts": {
      "overall": {
        "n": 1433
      },
      "high": {
        "n": 1000
      },
      "low": {
        "n": 433
      }
    },
    "metrics": {
      "overall": {
        "accuracy": 0.7718073970690859,
        "precision": 0.7272727272727273,
        "recall": 0.5365853658536586,
        "f1": 0.6175438596491228,
        "parsed_rate": 1.0,
        "high_conf_accuracy": 0.7285318559556787,
        "high_conf_coverage": 0.25191905094207956,
        "rationale_ok_rate": 1.0
      },
      "high": {
        "accuracy": 0.79,
        "precision": 0.6893939393939394,
        "recall": 0.5870967741935483,
        "f1": 0.6341463414634146,
        "parsed_rate": 1.0,
        "high_conf_accuracy": 0.6908396946564885,
        "high_conf_coverage": 0.262,
        "rationale_ok_rate": 1.0
      },
      "low": {
        "accuracy": 0.7297921478060047,
        "precision": 0.8282828282828283,
        "recall": 0.45054945054945056,
        "f1": 0.5836298932384342,
        "parsed_rate": 1.0,
        "high_conf_accuracy": 0.8282828282828283,
        "high_conf_coverage": 0.22863741339491916,
        "rationale_ok_rate": 1.0
      }
    },
    "calibration": {
      "brier_on_correctness": 0.33637906489880903,
      "ece_10bin": 0.3818422889043962,
      "n_with_valid_confidence": 1433
    }
  }
}