{
  "prompt_version": "v4_strict_json",
  "metrics": {
    "baseline": {
      "raw_parse_rate": 0.5994417306350314,
      "raw_accuracy": 0.4605722260990928,
      "normalized_accuracy": 0.7773900907187719
    },
    "no_vote_table": {
      "raw_parse_rate": 0.9986043265875785,
      "raw_accuracy": 0.7641311933007676,
      "normalized_accuracy": 0.7648290300069783
    },
    "with_vote_table": {
      "raw_parse_rate": 0.9993021632937893,
      "raw_accuracy": 0.7815771109560363,
      "normalized_accuracy": 0.782274947662247
    }
  },
  "raw_parse_compliance_improvement": {
    "no_vote_vs_baseline": {
      "absolute": 0.3991625959525471,
      "relative": 0.6658905704307334
    },
    "with_vote_vs_baseline": {
      "absolute": 0.3998604326587579,
      "relative": 0.6670547147846334
    },
    "with_vote_vs_no_vote": {
      "absolute": 0.0006978367062108193,
      "relative": 0.0006988120195668093
    }
  },
  "comparison_vs_baseline": {
    "no_vote": {
      "raw_parse_rate": {
        "absolute": 0.3991625959525471,
        "relative": 0.6658905704307334
      },
      "raw_accuracy": {
        "absolute": 0.3035589672016748,
        "relative": 0.6590909090909091
      },
      "normalized_accuracy": {
        "absolute": -0.012561060711793526,
        "relative": -0.01615798922800729
      }
    },
    "with_vote": {
      "raw_parse_rate": {
        "absolute": 0.3998604326587579,
        "relative": 0.6670547147846334
      },
      "raw_accuracy": {
        "absolute": 0.3210048848569435,
        "relative": 0.696969696969697
      },
      "normalized_accuracy": {
        "absolute": 0.00488485694347518,
        "relative": 0.006283662477558288
      }
    }
  },
  "ablation_vote_table_vs_no_vote_table": {
    "raw_parse_rate": {
      "absolute": 0.0006978367062108193,
      "relative": 0.0006988120195668093
    },
    "raw_accuracy": {
      "absolute": 0.017445917655268706,
      "relative": 0.022831050228310553
    },
    "normalized_accuracy": {
      "absolute": 0.017445917655268706,
      "relative": 0.02281021897810224
    }
  }
}