{
  "confidence_map": {
    "low": 0.33,
    "medium": 0.66,
    "high": 0.9
  },
  "normalized": {
    "counts": {
      "overall": {
        "n": 1433
      },
      "high": {
        "n": 1000
      },
      "low": {
        "n": 433
      }
    },
    "metrics": {
      "overall": {
        "accuracy": 0.782274947662247,
        "precision": 0.7238805970149254,
        "recall": 0.5914634146341463,
        "f1": 0.6510067114093959,
        "parsed_rate": 1.0,
        "high_conf_accuracy": 0.7293233082706767,
        "high_conf_coverage": 0.2784368457780879,
        "rationale_ok_rate": 1.0
      },
      "high": {
        "accuracy": 0.803,
        "precision": 0.701067615658363,
        "recall": 0.635483870967742,
        "f1": 0.6666666666666667,
        "parsed_rate": 1.0,
        "high_conf_accuracy": 0.7086330935251799,
        "high_conf_coverage": 0.278,
        "rationale_ok_rate": 1.0
      },
      "low": {
        "accuracy": 0.7344110854503464,
        "precision": 0.7768595041322314,
        "recall": 0.5164835164835165,
        "f1": 0.6204620462046205,
        "parsed_rate": 1.0,
        "high_conf_accuracy": 0.7768595041322314,
        "high_conf_coverage": 0.279445727482679,
        "rationale_ok_rate": 1.0
      }
    },
    "calibration": {
      "brier_on_correctness": 0.3392691556175809,
      "ece_10bin": 0.39068387997208537,
      "n_with_valid_confidence": 1433
    }
  },
  "strict_raw": {
    "counts": {
      "overall": {
        "n": 1433
      },
      "high": {
        "n": 1000
      },
      "low": {
        "n": 433
      }
    },
    "metrics": {
      "overall": {
        "accuracy": 0.7815771109560363,
        "precision": 0.7238805970149254,
        "recall": 0.5914634146341463,
        "f1": 0.6510067114093959,
        "parsed_rate": 0.9993021632937893,
        "high_conf_accuracy": 0.7293233082706767,
        "high_conf_coverage": 0.2784368457780879,
        "rationale_ok_rate": 0.9993021632937893
      },
      "high": {
        "accuracy": 0.802,
        "precision": 0.701067615658363,
        "recall": 0.635483870967742,
        "f1": 0.6666666666666667,
        "parsed_rate": 0.999,
        "high_conf_accuracy": 0.7086330935251799,
        "high_conf_coverage": 0.278,
        "rationale_ok_rate": 0.999
      },
      "low": {
        "accuracy": 0.7344110854503464,
        "precision": 0.7768595041322314,
        "recall": 0.5164835164835165,
        "f1": 0.6204620462046205,
        "parsed_rate": 1.0,
        "high_conf_accuracy": 0.7768595041322314,
        "high_conf_coverage": 0.279445727482679,
        "rationale_ok_rate": 1.0
      }
    },
    "calibration": {
      "brier_on_correctness": 0.3391925977653586,
      "ece_10bin": 0.3904888268156413,
      "n_with_valid_confidence": 1432
    }
  },
  "legacy": {
    "counts": {
      "overall": {
        "n": 1433
      },
      "high": {
        "n": 1000
      },
      "low": {
        "n": 433
      }
    },
    "metrics": {
      "overall": {
        "accuracy": 0.782274947662247,
        "precision": 0.7238805970149254,
        "recall": 0.5914634146341463,
        "f1": 0.6510067114093959,
        "parsed_rate": 1.0,
        "high_conf_accuracy": 0.7293233082706767,
        "high_conf_coverage": 0.2784368457780879,
        "rationale_ok_rate": 1.0
      },
      "high": {
        "accuracy": 0.803,
        "precision": 0.701067615658363,
        "recall": 0.635483870967742,
        "f1": 0.6666666666666667,
        "parsed_rate": 1.0,
        "high_conf_accuracy": 0.7086330935251799,
        "high_conf_coverage": 0.278,
        "rationale_ok_rate": 1.0
      },
      "low": {
        "accuracy": 0.7344110854503464,
        "precision": 0.7768595041322314,
        "recall": 0.5164835164835165,
        "f1": 0.6204620462046205,
        "parsed_rate": 1.0,
        "high_conf_accuracy": 0.7768595041322314,
        "high_conf_coverage": 0.279445727482679,
        "rationale_ok_rate": 1.0
      }
    },
    "calibration": {
      "brier_on_correctness": 0.3392691556175809,
      "ece_10bin": 0.39068387997208537,
      "n_with_valid_confidence": 1433
    }
  }
}