{
  "confidence_map": {
    "low": 0.33,
    "medium": 0.66,
    "high": 0.9
  },
  "normalized": {
    "counts": {
      "overall": {
        "n": 1433
      },
      "high": {
        "n": 1000
      },
      "low": {
        "n": 433
      }
    },
    "metrics": {
      "overall": {
        "accuracy": 0.7648290300069783,
        "precision": 0.7207977207977208,
        "recall": 0.5142276422764228,
        "f1": 0.6002372479240807,
        "parsed_rate": 1.0,
        "high_conf_accuracy": 0.7212643678160919,
        "high_conf_coverage": 0.24284717376133985,
        "rationale_ok_rate": 1.0
      },
      "high": {
        "accuracy": 0.789,
        "precision": 0.6956521739130435,
        "recall": 0.567741935483871,
        "f1": 0.625222024866785,
        "parsed_rate": 1.0,
        "high_conf_accuracy": 0.696,
        "high_conf_coverage": 0.25,
        "rationale_ok_rate": 1.0
      },
      "low": {
        "accuracy": 0.7090069284064665,
        "precision": 0.7857142857142857,
        "recall": 0.4230769230769231,
        "f1": 0.55,
        "parsed_rate": 1.0,
        "high_conf_accuracy": 0.7857142857142857,
        "high_conf_coverage": 0.22632794457274827,
        "rationale_ok_rate": 1.0
      }
    },
    "calibration": {
      "brier_on_correctness": 0.3367273551988789,
      "ece_10bin": 0.379993021632938,
      "n_with_valid_confidence": 1433
    }
  },
  "strict_raw": {
    "counts": {
      "overall": {
        "n": 1433
      },
      "high": {
        "n": 1000
      },
      "low": {
        "n": 433
      }
    },
    "metrics": {
      "overall": {
        "accuracy": 0.7641311933007676,
        "precision": 0.7207977207977208,
        "recall": 0.515274949083503,
        "f1": 0.6009501187648455,
        "parsed_rate": 0.9986043265875785,
        "high_conf_accuracy": 0.7212643678160919,
        "high_conf_coverage": 0.24284717376133985,
        "rationale_ok_rate": 0.9972086531751571
      },
      "high": {
        "accuracy": 0.788,
        "precision": 0.6956521739130435,
        "recall": 0.56957928802589,
        "f1": 0.6263345195729538,
        "parsed_rate": 0.998,
        "high_conf_accuracy": 0.696,
        "high_conf_coverage": 0.25,
        "rationale_ok_rate": 0.997
      },
      "low": {
        "accuracy": 0.7090069284064665,
        "precision": 0.7857142857142857,
        "recall": 0.4230769230769231,
        "f1": 0.55,
        "parsed_rate": 1.0,
        "high_conf_accuracy": 0.7857142857142857,
        "high_conf_coverage": 0.22632794457274827,
        "rationale_ok_rate": 0.9976905311778291
      }
    },
    "calibration": {
      "brier_on_correctness": 0.3368081761006244,
      "ece_10bin": 0.3802865129280224,
      "n_with_valid_confidence": 1431
    }
  },
  "legacy": {
    "counts": {
      "overall": {
        "n": 1433
      },
      "high": {
        "n": 1000
      },
      "low": {
        "n": 433
      }
    },
    "metrics": {
      "overall": {
        "accuracy": 0.7648290300069783,
        "precision": 0.7207977207977208,
        "recall": 0.5142276422764228,
        "f1": 0.6002372479240807,
        "parsed_rate": 1.0,
        "high_conf_accuracy": 0.7212643678160919,
        "high_conf_coverage": 0.24284717376133985,
        "rationale_ok_rate": 1.0
      },
      "high": {
        "accuracy": 0.789,
        "precision": 0.6956521739130435,
        "recall": 0.567741935483871,
        "f1": 0.625222024866785,
        "parsed_rate": 1.0,
        "high_conf_accuracy": 0.696,
        "high_conf_coverage": 0.25,
        "rationale_ok_rate": 1.0
      },
      "low": {
        "accuracy": 0.7090069284064665,
        "precision": 0.7857142857142857,
        "recall": 0.4230769230769231,
        "f1": 0.55,
        "parsed_rate": 1.0,
        "high_conf_accuracy": 0.7857142857142857,
        "high_conf_coverage": 0.22632794457274827,
        "rationale_ok_rate": 1.0
      }
    },
    "calibration": {
      "brier_on_correctness": 0.3367273551988789,
      "ece_10bin": 0.379993021632938,
      "n_with_valid_confidence": 1433
    }
  }
}