{
  "confidence_map": {
    "low": 0.33,
    "medium": 0.66,
    "high": 0.9
  },
  "normalized": {
    "counts": {
      "overall": {
        "n": 1433
      },
      "high": {
        "n": 1000
      },
      "low": {
        "n": 433
      }
    },
    "metrics": {
      "overall": {
        "accuracy": 0.7117934403349616,
        "precision": 0.8110236220472441,
        "recall": 0.20934959349593496,
        "f1": 0.33279483037156704,
        "parsed_rate": 1.0,
        "high_conf_accuracy": 0.8095238095238095,
        "high_conf_coverage": 0.08792742498255408,
        "rationale_ok_rate": 1.0
      },
      "high": {
        "accuracy": 0.749,
        "precision": 0.797979797979798,
        "recall": 0.25483870967741934,
        "f1": 0.38630806845965765,
        "parsed_rate": 1.0,
        "high_conf_accuracy": 0.7959183673469388,
        "high_conf_coverage": 0.098,
        "rationale_ok_rate": 1.0
      },
      "low": {
        "accuracy": 0.625866050808314,
        "precision": 0.8571428571428571,
        "recall": 0.13186813186813187,
        "f1": 0.22857142857142856,
        "parsed_rate": 1.0,
        "high_conf_accuracy": 0.8571428571428571,
        "high_conf_coverage": 0.06466512702078522,
        "rationale_ok_rate": 1.0
      }
    },
    "calibration": {
      "brier_on_correctness": 0.28737362177250214,
      "ece_10bin": 0.2962316817864629,
      "n_with_valid_confidence": 1433
    }
  },
  "strict_raw": {
    "counts": {
      "overall": {
        "n": 1433
      },
      "high": {
        "n": 1000
      },
      "low": {
        "n": 433
      }
    },
    "metrics": {
      "overall": {
        "accuracy": 0.7117934403349616,
        "precision": 0.8110236220472441,
        "recall": 0.20934959349593496,
        "f1": 0.33279483037156704,
        "parsed_rate": 1.0,
        "high_conf_accuracy": 0.8095238095238095,
        "high_conf_coverage": 0.08792742498255408,
        "rationale_ok_rate": 1.0
      },
      "high": {
        "accuracy": 0.749,
        "precision": 0.797979797979798,
        "recall": 0.25483870967741934,
        "f1": 0.38630806845965765,
        "parsed_rate": 1.0,
        "high_conf_accuracy": 0.7959183673469388,
        "high_conf_coverage": 0.098,
        "rationale_ok_rate": 1.0
      },
      "low": {
        "accuracy": 0.625866050808314,
        "precision": 0.8571428571428571,
        "recall": 0.13186813186813187,
        "f1": 0.22857142857142856,
        "parsed_rate": 1.0,
        "high_conf_accuracy": 0.8571428571428571,
        "high_conf_coverage": 0.06466512702078522,
        "rationale_ok_rate": 1.0
      }
    },
    "calibration": {
      "brier_on_correctness": 0.28737362177250214,
      "ece_10bin": 0.2962316817864629,
      "n_with_valid_confidence": 1433
    }
  },
  "legacy": {
    "counts": {
      "overall": {
        "n": 1433
      },
      "high": {
        "n": 1000
      },
      "low": {
        "n": 433
      }
    },
    "metrics": {
      "overall": {
        "accuracy": 0.7117934403349616,
        "precision": 0.8110236220472441,
        "recall": 0.20934959349593496,
        "f1": 0.33279483037156704,
        "parsed_rate": 1.0,
        "high_conf_accuracy": 0.8095238095238095,
        "high_conf_coverage": 0.08792742498255408,
        "rationale_ok_rate": 1.0
      },
      "high": {
        "accuracy": 0.749,
        "precision": 0.797979797979798,
        "recall": 0.25483870967741934,
        "f1": 0.38630806845965765,
        "parsed_rate": 1.0,
        "high_conf_accuracy": 0.7959183673469388,
        "high_conf_coverage": 0.098,
        "rationale_ok_rate": 1.0
      },
      "low": {
        "accuracy": 0.625866050808314,
        "precision": 0.8571428571428571,
        "recall": 0.13186813186813187,
        "f1": 0.22857142857142856,
        "parsed_rate": 1.0,
        "high_conf_accuracy": 0.8571428571428571,
        "high_conf_coverage": 0.06466512702078522,
        "rationale_ok_rate": 1.0
      }
    },
    "calibration": {
      "brier_on_correctness": 0.28737362177250214,
      "ece_10bin": 0.2962316817864629,
      "n_with_valid_confidence": 1433
    }
  }
}