{
  "confidence_map": {
    "low": 0.33,
    "medium": 0.66,
    "high": 0.9
  },
  "normalized": {
    "counts": {
      "overall": {
        "n": 1433
      },
      "high": {
        "n": 1000
      },
      "low": {
        "n": 433
      }
    },
    "metrics": {
      "overall": {
        "accuracy": 0.7041172365666434,
        "precision": 0.7931034482758621,
        "recall": 0.18699186991869918,
        "f1": 0.3026315789473684,
        "parsed_rate": 1.0,
        "high_conf_accuracy": 0.7931034482758621,
        "high_conf_coverage": 0.08094905792044661,
        "rationale_ok_rate": 1.0
      },
      "high": {
        "accuracy": 0.745,
        "precision": 0.7777777777777778,
        "recall": 0.24838709677419354,
        "f1": 0.37652811735941316,
        "parsed_rate": 1.0,
        "high_conf_accuracy": 0.7777777777777778,
        "high_conf_coverage": 0.099,
        "rationale_ok_rate": 1.0
      },
      "low": {
        "accuracy": 0.6096997690531177,
        "precision": 0.8823529411764706,
        "recall": 0.08241758241758242,
        "f1": 0.1507537688442211,
        "parsed_rate": 1.0,
        "high_conf_accuracy": 0.8823529411764706,
        "high_conf_coverage": 0.03926096997690531,
        "rationale_ok_rate": 1.0
      }
    },
    "calibration": {
      "brier_on_correctness": 0.2857055826936466,
      "ece_10bin": 0.2890928122819269,
      "n_with_valid_confidence": 1433
    }
  },
  "strict_raw": {
    "counts": {
      "overall": {
        "n": 1433
      },
      "high": {
        "n": 1000
      },
      "low": {
        "n": 433
      }
    },
    "metrics": {
      "overall": {
        "accuracy": 0.7041172365666434,
        "precision": 0.7931034482758621,
        "recall": 0.18699186991869918,
        "f1": 0.3026315789473684,
        "parsed_rate": 1.0,
        "high_conf_accuracy": 0.7931034482758621,
        "high_conf_coverage": 0.08094905792044661,
        "rationale_ok_rate": 1.0
      },
      "high": {
        "accuracy": 0.745,
        "precision": 0.7777777777777778,
        "recall": 0.24838709677419354,
        "f1": 0.37652811735941316,
        "parsed_rate": 1.0,
        "high_conf_accuracy": 0.7777777777777778,
        "high_conf_coverage": 0.099,
        "rationale_ok_rate": 1.0
      },
      "low": {
        "accuracy": 0.6096997690531177,
        "precision": 0.8823529411764706,
        "recall": 0.08241758241758242,
        "f1": 0.1507537688442211,
        "parsed_rate": 1.0,
        "high_conf_accuracy": 0.8823529411764706,
        "high_conf_coverage": 0.03926096997690531,
        "rationale_ok_rate": 1.0
      }
    },
    "calibration": {
      "brier_on_correctness": 0.2857055826936466,
      "ece_10bin": 0.2890928122819269,
      "n_with_valid_confidence": 1433
    }
  },
  "legacy": {
    "counts": {
      "overall": {
        "n": 1433
      },
      "high": {
        "n": 1000
      },
      "low": {
        "n": 433
      }
    },
    "metrics": {
      "overall": {
        "accuracy": 0.7041172365666434,
        "precision": 0.7931034482758621,
        "recall": 0.18699186991869918,
        "f1": 0.3026315789473684,
        "parsed_rate": 1.0,
        "high_conf_accuracy": 0.7931034482758621,
        "high_conf_coverage": 0.08094905792044661,
        "rationale_ok_rate": 1.0
      },
      "high": {
        "accuracy": 0.745,
        "precision": 0.7777777777777778,
        "recall": 0.24838709677419354,
        "f1": 0.37652811735941316,
        "parsed_rate": 1.0,
        "high_conf_accuracy": 0.7777777777777778,
        "high_conf_coverage": 0.099,
        "rationale_ok_rate": 1.0
      },
      "low": {
        "accuracy": 0.6096997690531177,
        "precision": 0.8823529411764706,
        "recall": 0.08241758241758242,
        "f1": 0.1507537688442211,
        "parsed_rate": 1.0,
        "high_conf_accuracy": 0.8823529411764706,
        "high_conf_coverage": 0.03926096997690531,
        "rationale_ok_rate": 1.0
      }
    },
    "calibration": {
      "brier_on_correctness": 0.2857055826936466,
      "ece_10bin": 0.2890928122819269,
      "n_with_valid_confidence": 1433
    }
  }
}