{
  "prompt_version": "v3_strict_json",
  "metrics": {
    "baseline": {
      "raw_parse_rate": 0.5994417306350314,
      "raw_accuracy": 0.4605722260990928,
      "normalized_accuracy": 0.7773900907187719
    },
    "v3_no_vote_table": {
      "raw_parse_rate": 1.0,
      "raw_accuracy": 0.7041172365666434,
      "normalized_accuracy": 0.7041172365666434
    },
    "v3_with_vote_table": {
      "raw_parse_rate": 1.0,
      "raw_accuracy": 0.7117934403349616,
      "normalized_accuracy": 0.7117934403349616
    }
  },
  "raw_parse_compliance_improvement": {
    "v3_no_vote_vs_baseline": {
      "absolute": 0.40055826936496863,
      "relative": 0.6682188591385333
    },
    "v3_vote_vs_baseline": {
      "absolute": 0.40055826936496863,
      "relative": 0.6682188591385333
    },
    "v3_vote_vs_no_vote": {
      "absolute": 0.0,
      "relative": 0.0
    }
  },
  "comparison_vs_baseline": {
    "v3_no_vote": {
      "raw_parse_rate": {
        "absolute": 0.40055826936496863,
        "relative": 0.6682188591385333
      },
      "raw_accuracy": {
        "absolute": 0.24354501046755056,
        "relative": 0.5287878787878787
      },
      "normalized_accuracy": {
        "absolute": -0.07327285415212847,
        "relative": -0.09425493716337531
      }
    },
    "v3_vote": {
      "raw_parse_rate": {
        "absolute": 0.40055826936496863,
        "relative": 0.6682188591385333
      },
      "raw_accuracy": {
        "absolute": 0.2512212142358688,
        "relative": 0.5454545454545454
      },
      "normalized_accuracy": {
        "absolute": -0.06559665038381024,
        "relative": -0.08438061041292645
      }
    }
  },
  "ablation_vote_table_vs_no_vote_table": {
    "raw_parse_rate": {
      "absolute": 0.0,
      "relative": 0.0
    },
    "raw_accuracy": {
      "absolute": 0.007676203768318235,
      "relative": 0.010901883052527286
    },
    "normalized_accuracy": {
      "absolute": 0.007676203768318235,
      "relative": 0.010901883052527286
    }
  }
}