{
  "confidence_map": {
    "low": 0.33,
    "medium": 0.66,
    "high": 0.9
  },
  "normalized": {
    "counts": {
      "overall": {
        "n": 6699
      },
      "lrl": {
        "n": 2233
      },
      "mrl": {
        "n": 2233
      },
      "hrl": {
        "n": 2233
      }
    },
    "metrics": {
      "overall": {
        "accuracy": 0.8898343036274071,
        "precision": 0.7925754060324826,
        "recall": 0.8544272136068034,
        "f1": 0.8223399133365431,
        "parsed_rate": 1.0,
        "high_conf_accuracy": 0.9302152932442465,
        "high_conf_coverage": 0.8042991491267353,
        "rationale_ok_rate": 1.0
      },
      "lrl": {
        "accuracy": 0.9265562024182714,
        "precision": 0.8837209302325582,
        "recall": 0.9127686472819216,
        "f1": 0.8980099502487562,
        "parsed_rate": 1.0,
        "high_conf_accuracy": 0.9560546875,
        "high_conf_coverage": 0.9171518137035378,
        "rationale_ok_rate": 1.0
      },
      "mrl": {
        "accuracy": 0.8978952082400359,
        "precision": 0.7807570977917981,
        "recall": 0.8476027397260274,
        "f1": 0.8128078817733991,
        "parsed_rate": 1.0,
        "high_conf_accuracy": 0.9336521219366407,
        "high_conf_coverage": 0.7492163009404389,
        "rationale_ok_rate": 1.0
      },
      "hrl": {
        "accuracy": 0.8450515002239141,
        "precision": 0.6974431818181818,
        "recall": 0.7868589743589743,
        "f1": 0.7394578313253011,
        "parsed_rate": 1.0,
        "high_conf_accuracy": 0.8950209958008398,
        "high_conf_coverage": 0.7465293327362292,
        "rationale_ok_rate": 1.0
      }
    },
    "calibration": {
      "brier_on_correctness": 0.09286036721898093,
      "ece_10bin": 0.036802507836993625,
      "n_with_valid_confidence": 6699
    }
  },
  "strict_raw": {
    "counts": {
      "overall": {
        "n": 6699
      },
      "lrl": {
        "n": 2233
      },
      "mrl": {
        "n": 2233
      },
      "hrl": {
        "n": 2233
      }
    },
    "metrics": {
      "overall": {
        "accuracy": 0.8898343036274071,
        "precision": 0.7925754060324826,
        "recall": 0.8544272136068034,
        "f1": 0.8223399133365431,
        "parsed_rate": 1.0,
        "high_conf_accuracy": 0.9302152932442465,
        "high_conf_coverage": 0.8042991491267353,
        "rationale_ok_rate": 1.0
      },
      "lrl": {
        "accuracy": 0.9265562024182714,
        "precision": 0.8837209302325582,
        "recall": 0.9127686472819216,
        "f1": 0.8980099502487562,
        "parsed_rate": 1.0,
        "high_conf_accuracy": 0.9560546875,
        "high_conf_coverage": 0.9171518137035378,
        "rationale_ok_rate": 1.0
      },
      "mrl": {
        "accuracy": 0.8978952082400359,
        "precision": 0.7807570977917981,
        "recall": 0.8476027397260274,
        "f1": 0.8128078817733991,
        "parsed_rate": 1.0,
        "high_conf_accuracy": 0.9336521219366407,
        "high_conf_coverage": 0.7492163009404389,
        "rationale_ok_rate": 1.0
      },
      "hrl": {
        "accuracy": 0.8450515002239141,
        "precision": 0.6974431818181818,
        "recall": 0.7868589743589743,
        "f1": 0.7394578313253011,
        "parsed_rate": 1.0,
        "high_conf_accuracy": 0.8950209958008398,
        "high_conf_coverage": 0.7465293327362292,
        "rationale_ok_rate": 1.0
      }
    },
    "calibration": {
      "brier_on_correctness": 0.09286036721898093,
      "ece_10bin": 0.036802507836993625,
      "n_with_valid_confidence": 6699
    }
  },
  "legacy": {
    "counts": {
      "overall": {
        "n": 6699
      },
      "lrl": {
        "n": 2233
      },
      "mrl": {
        "n": 2233
      },
      "hrl": {
        "n": 2233
      }
    },
    "metrics": {
      "overall": {
        "accuracy": 0.8898343036274071,
        "precision": 0.7925754060324826,
        "recall": 0.8544272136068034,
        "f1": 0.8223399133365431,
        "parsed_rate": 1.0,
        "high_conf_accuracy": 0.9302152932442465,
        "high_conf_coverage": 0.8042991491267353,
        "rationale_ok_rate": 1.0
      },
      "lrl": {
        "accuracy": 0.9265562024182714,
        "precision": 0.8837209302325582,
        "recall": 0.9127686472819216,
        "f1": 0.8980099502487562,
        "parsed_rate": 1.0,
        "high_conf_accuracy": 0.9560546875,
        "high_conf_coverage": 0.9171518137035378,
        "rationale_ok_rate": 1.0
      },
      "mrl": {
        "accuracy": 0.8978952082400359,
        "precision": 0.7807570977917981,
        "recall": 0.8476027397260274,
        "f1": 0.8128078817733991,
        "parsed_rate": 1.0,
        "high_conf_accuracy": 0.9336521219366407,
        "high_conf_coverage": 0.7492163009404389,
        "rationale_ok_rate": 1.0
      },
      "hrl": {
        "accuracy": 0.8450515002239141,
        "precision": 0.6974431818181818,
        "recall": 0.7868589743589743,
        "f1": 0.7394578313253011,
        "parsed_rate": 1.0,
        "high_conf_accuracy": 0.8950209958008398,
        "high_conf_coverage": 0.7465293327362292,
        "rationale_ok_rate": 1.0
      }
    },
    "calibration": {
      "brier_on_correctness": 0.09286036721898093,
      "ece_10bin": 0.036802507836993625,
      "n_with_valid_confidence": 6699
    }
  }
}