{
  "confidence_map": {
    "low": 0.33,
    "medium": 0.66,
    "high": 0.9
  },
  "normalized": {
    "counts": {
      "overall": {
        "n": 6699
      },
      "lrl": {
        "n": 2233
      },
      "mrl": {
        "n": 2233
      },
      "hrl": {
        "n": 2233
      }
    },
    "metrics": {
      "overall": {
        "accuracy": 0.7926556202418271,
        "precision": 0.9565868263473054,
        "recall": 0.3196598299149575,
        "f1": 0.4791901012373453,
        "parsed_rate": 1.0,
        "high_conf_accuracy": 0.8103963353913562,
        "high_conf_coverage": 0.7495148529631288,
        "rationale_ok_rate": 1.0
      },
      "lrl": {
        "accuracy": 0.7756381549484997,
        "precision": 0.9738562091503268,
        "recall": 0.37673830594184576,
        "f1": 0.5432999088422972,
        "parsed_rate": 1.0,
        "high_conf_accuracy": 0.8056224899598393,
        "high_conf_coverage": 0.5575459023734886,
        "rationale_ok_rate": 1.0
      },
      "mrl": {
        "accuracy": 0.8119122257053292,
        "precision": 0.9505494505494505,
        "recall": 0.2962328767123288,
        "f1": 0.45169712793733685,
        "parsed_rate": 1.0,
        "high_conf_accuracy": 0.8254420992584142,
        "high_conf_coverage": 0.7850425436632333,
        "rationale_ok_rate": 1.0
      },
      "hrl": {
        "accuracy": 0.7904164800716524,
        "precision": 0.9333333333333333,
        "recall": 0.2692307692307692,
        "f1": 0.417910447761194,
        "parsed_rate": 1.0,
        "high_conf_accuracy": 0.8002965892239249,
        "high_conf_coverage": 0.9059561128526645,
        "rationale_ok_rate": 1.0
      }
    },
    "calibration": {
      "brier_on_correctness": 0.1708195253022738,
      "ece_10bin": 0.08768174354383164,
      "n_with_valid_confidence": 6699
    }
  },
  "strict_raw": {
    "counts": {
      "overall": {
        "n": 6699
      },
      "lrl": {
        "n": 2233
      },
      "mrl": {
        "n": 2233
      },
      "hrl": {
        "n": 2233
      }
    },
    "metrics": {
      "overall": {
        "accuracy": 0.7926556202418271,
        "precision": 0.9565868263473054,
        "recall": 0.3196598299149575,
        "f1": 0.4791901012373453,
        "parsed_rate": 1.0,
        "high_conf_accuracy": 0.8103963353913562,
        "high_conf_coverage": 0.7495148529631288,
        "rationale_ok_rate": 1.0
      },
      "lrl": {
        "accuracy": 0.7756381549484997,
        "precision": 0.9738562091503268,
        "recall": 0.37673830594184576,
        "f1": 0.5432999088422972,
        "parsed_rate": 1.0,
        "high_conf_accuracy": 0.8056224899598393,
        "high_conf_coverage": 0.5575459023734886,
        "rationale_ok_rate": 1.0
      },
      "mrl": {
        "accuracy": 0.8119122257053292,
        "precision": 0.9505494505494505,
        "recall": 0.2962328767123288,
        "f1": 0.45169712793733685,
        "parsed_rate": 1.0,
        "high_conf_accuracy": 0.8254420992584142,
        "high_conf_coverage": 0.7850425436632333,
        "rationale_ok_rate": 1.0
      },
      "hrl": {
        "accuracy": 0.7904164800716524,
        "precision": 0.9333333333333333,
        "recall": 0.2692307692307692,
        "f1": 0.417910447761194,
        "parsed_rate": 1.0,
        "high_conf_accuracy": 0.8002965892239249,
        "high_conf_coverage": 0.9059561128526645,
        "rationale_ok_rate": 1.0
      }
    },
    "calibration": {
      "brier_on_correctness": 0.1708195253022738,
      "ece_10bin": 0.08768174354383164,
      "n_with_valid_confidence": 6699
    }
  },
  "legacy": {
    "counts": {
      "overall": {
        "n": 6699
      },
      "lrl": {
        "n": 2233
      },
      "mrl": {
        "n": 2233
      },
      "hrl": {
        "n": 2233
      }
    },
    "metrics": {
      "overall": {
        "accuracy": 0.7926556202418271,
        "precision": 0.9565868263473054,
        "recall": 0.3196598299149575,
        "f1": 0.4791901012373453,
        "parsed_rate": 1.0,
        "high_conf_accuracy": 0.8103963353913562,
        "high_conf_coverage": 0.7495148529631288,
        "rationale_ok_rate": 1.0
      },
      "lrl": {
        "accuracy": 0.7756381549484997,
        "precision": 0.9738562091503268,
        "recall": 0.37673830594184576,
        "f1": 0.5432999088422972,
        "parsed_rate": 1.0,
        "high_conf_accuracy": 0.8056224899598393,
        "high_conf_coverage": 0.5575459023734886,
        "rationale_ok_rate": 1.0
      },
      "mrl": {
        "accuracy": 0.8119122257053292,
        "precision": 0.9505494505494505,
        "recall": 0.2962328767123288,
        "f1": 0.45169712793733685,
        "parsed_rate": 1.0,
        "high_conf_accuracy": 0.8254420992584142,
        "high_conf_coverage": 0.7850425436632333,
        "rationale_ok_rate": 1.0
      },
      "hrl": {
        "accuracy": 0.7904164800716524,
        "precision": 0.9333333333333333,
        "recall": 0.2692307692307692,
        "f1": 0.417910447761194,
        "parsed_rate": 1.0,
        "high_conf_accuracy": 0.8002965892239249,
        "high_conf_coverage": 0.9059561128526645,
        "rationale_ok_rate": 1.0
      }
    },
    "calibration": {
      "brier_on_correctness": 0.1708195253022738,
      "ece_10bin": 0.08768174354383164,
      "n_with_valid_confidence": 6699
    }
  }
}