{
  "confidence_map": {
    "low": 0.33,
    "medium": 0.66,
    "high": 0.9
  },
  "counts": {
    "overall": {
      "n": 6699
    },
    "lrl": {
      "n": 2233
    },
    "mrl": {
      "n": 2233
    },
    "hrl": {
      "n": 2233
    }
  },
  "metrics": {
    "overall": {
      "accuracy": 0.9747723540826989,
      "precision": 0.933649289099526,
      "recall": 0.9854927463731866,
      "f1": 0.9588707714772451,
      "parsed_rate": 1.0,
      "high_conf_accuracy": 0.9976426214049976,
      "high_conf_coverage": 0.6332288401253918,
      "rationale_ok_rate": 1.0
    },
    "lrl": {
      "accuracy": 0.986565158978952,
      "precision": 0.9668711656441717,
      "recall": 0.9962073324905183,
      "f1": 0.9813200498132004,
      "parsed_rate": 1.0,
      "high_conf_accuracy": 0.9982944855031268,
      "high_conf_coverage": 0.7877295118674429,
      "rationale_ok_rate": 1.0
    },
    "mrl": {
      "accuracy": 0.9771607702642185,
      "precision": 0.92914653784219,
      "recall": 0.988013698630137,
      "f1": 0.9576763485477179,
      "parsed_rate": 1.0,
      "high_conf_accuracy": 0.9960815047021944,
      "high_conf_coverage": 0.5714285714285714,
      "rationale_ok_rate": 1.0
    },
    "hrl": {
      "accuracy": 0.9605911330049262,
      "precision": 0.8976261127596439,
      "recall": 0.969551282051282,
      "f1": 0.9322033898305084,
      "parsed_rate": 1.0,
      "high_conf_accuracy": 0.9983429991714996,
      "high_conf_coverage": 0.5405284370801612,
      "rationale_ok_rate": 1.0
    }
  },
  "calibration": {
    "brier_on_correctness": 0.06115538140020226,
    "ece_10bin": 0.16668905806832135,
    "n_with_valid_confidence": 6699
  }
}