{
  "confidence_map": {
    "low": 0.33,
    "medium": 0.66,
    "high": 0.9
  },
  "normalized": {
    "counts": {
      "overall": {
        "n": 1433
      },
      "high": {
        "n": 1000
      },
      "low": {
        "n": 433
      }
    },
    "metrics": {
      "overall": {
        "accuracy": 0.755059316120028,
        "precision": 0.6658823529411765,
        "recall": 0.5752032520325203,
        "f1": 0.6172300981461286,
        "parsed_rate": 1.0,
        "high_conf_accuracy": 0.6658823529411765,
        "high_conf_coverage": 0.29658060013956733,
        "rationale_ok_rate": 1.0
      },
      "high": {
        "accuracy": 0.765,
        "precision": 0.6325088339222615,
        "recall": 0.5774193548387097,
        "f1": 0.6037099494097807,
        "parsed_rate": 1.0,
        "high_conf_accuracy": 0.6325088339222615,
        "high_conf_coverage": 0.283,
        "rationale_ok_rate": 1.0
      },
      "low": {
        "accuracy": 0.7321016166281755,
        "precision": 0.7323943661971831,
        "recall": 0.5714285714285714,
        "f1": 0.6419753086419752,
        "parsed_rate": 1.0,
        "high_conf_accuracy": 0.7323943661971831,
        "high_conf_coverage": 0.3279445727482679,
        "rationale_ok_rate": 1.0
      }
    },
    "calibration": {
      "brier_on_correctness": 0.3484167480809445,
      "ece_10bin": 0.39487787857641127,
      "n_with_valid_confidence": 1433
    }
  },
  "strict_raw": {
    "counts": {
      "overall": {
        "n": 1433
      },
      "high": {
        "n": 1000
      },
      "low": {
        "n": 433
      }
    },
    "metrics": {
      "overall": {
        "accuracy": 0.755059316120028,
        "precision": 0.6658823529411765,
        "recall": 0.5752032520325203,
        "f1": 0.6172300981461286,
        "parsed_rate": 1.0,
        "high_conf_accuracy": 0.6658823529411765,
        "high_conf_coverage": 0.29658060013956733,
        "rationale_ok_rate": 0.9993021632937893
      },
      "high": {
        "accuracy": 0.765,
        "precision": 0.6325088339222615,
        "recall": 0.5774193548387097,
        "f1": 0.6037099494097807,
        "parsed_rate": 1.0,
        "high_conf_accuracy": 0.6325088339222615,
        "high_conf_coverage": 0.283,
        "rationale_ok_rate": 0.999
      },
      "low": {
        "accuracy": 0.7321016166281755,
        "precision": 0.7323943661971831,
        "recall": 0.5714285714285714,
        "f1": 0.6419753086419752,
        "parsed_rate": 1.0,
        "high_conf_accuracy": 0.7323943661971831,
        "high_conf_coverage": 0.3279445727482679,
        "rationale_ok_rate": 1.0
      }
    },
    "calibration": {
      "brier_on_correctness": 0.3484167480809445,
      "ece_10bin": 0.39487787857641127,
      "n_with_valid_confidence": 1433
    }
  },
  "legacy": {
    "counts": {
      "overall": {
        "n": 1433
      },
      "high": {
        "n": 1000
      },
      "low": {
        "n": 433
      }
    },
    "metrics": {
      "overall": {
        "accuracy": 0.755059316120028,
        "precision": 0.6658823529411765,
        "recall": 0.5752032520325203,
        "f1": 0.6172300981461286,
        "parsed_rate": 1.0,
        "high_conf_accuracy": 0.6658823529411765,
        "high_conf_coverage": 0.29658060013956733,
        "rationale_ok_rate": 1.0
      },
      "high": {
        "accuracy": 0.765,
        "precision": 0.6325088339222615,
        "recall": 0.5774193548387097,
        "f1": 0.6037099494097807,
        "parsed_rate": 1.0,
        "high_conf_accuracy": 0.6325088339222615,
        "high_conf_coverage": 0.283,
        "rationale_ok_rate": 1.0
      },
      "low": {
        "accuracy": 0.7321016166281755,
        "precision": 0.7323943661971831,
        "recall": 0.5714285714285714,
        "f1": 0.6419753086419752,
        "parsed_rate": 1.0,
        "high_conf_accuracy": 0.7323943661971831,
        "high_conf_coverage": 0.3279445727482679,
        "rationale_ok_rate": 1.0
      }
    },
    "calibration": {
      "brier_on_correctness": 0.3484167480809445,
      "ece_10bin": 0.39487787857641127,
      "n_with_valid_confidence": 1433
    }
  }
}