{
  "confidence_map": {
    "low": 0.33,
    "medium": 0.66,
    "high": 0.9
  },
  "normalized": {
    "counts": {
      "overall": {
        "n": 1433
      },
      "high": {
        "n": 1000
      },
      "low": {
        "n": 433
      }
    },
    "metrics": {
      "overall": {
        "accuracy": 0.73831123517097,
        "precision": 0.6695652173913044,
        "recall": 0.4695121951219512,
        "f1": 0.5519713261648745,
        "parsed_rate": 1.0,
        "high_conf_accuracy": 0.6715542521994134,
        "high_conf_coverage": 0.23796231681786462,
        "rationale_ok_rate": 1.0
      },
      "high": {
        "accuracy": 0.755,
        "precision": 0.6359832635983264,
        "recall": 0.49032258064516127,
        "f1": 0.5537340619307832,
        "parsed_rate": 1.0,
        "high_conf_accuracy": 0.635593220338983,
        "high_conf_coverage": 0.236,
        "rationale_ok_rate": 1.0
      },
      "low": {
        "accuracy": 0.6997690531177829,
        "precision": 0.7452830188679245,
        "recall": 0.4340659340659341,
        "f1": 0.548611111111111,
        "parsed_rate": 1.0,
        "high_conf_accuracy": 0.7523809523809524,
        "high_conf_coverage": 0.24249422632794457,
        "rationale_ok_rate": 1.0
      }
    },
    "calibration": {
      "brier_on_correctness": 0.34248604326587134,
      "ece_10bin": 0.37886252616887683,
      "n_with_valid_confidence": 1433
    }
  },
  "strict_raw": {
    "counts": {
      "overall": {
        "n": 1433
      },
      "high": {
        "n": 1000
      },
      "low": {
        "n": 433
      }
    },
    "metrics": {
      "overall": {
        "accuracy": 0.73831123517097,
        "precision": 0.6715116279069767,
        "recall": 0.4695121951219512,
        "f1": 0.5526315789473685,
        "parsed_rate": 0.9993021632937893,
        "high_conf_accuracy": 0.6715542521994134,
        "high_conf_coverage": 0.23796231681786462,
        "rationale_ok_rate": 0.9986043265875785
      },
      "high": {
        "accuracy": 0.755,
        "precision": 0.6359832635983264,
        "recall": 0.49032258064516127,
        "f1": 0.5537340619307832,
        "parsed_rate": 1.0,
        "high_conf_accuracy": 0.635593220338983,
        "high_conf_coverage": 0.236,
        "rationale_ok_rate": 0.999
      },
      "low": {
        "accuracy": 0.6997690531177829,
        "precision": 0.7523809523809524,
        "recall": 0.4340659340659341,
        "f1": 0.5505226480836236,
        "parsed_rate": 0.9976905311778291,
        "high_conf_accuracy": 0.7523809523809524,
        "high_conf_coverage": 0.24249422632794457,
        "rationale_ok_rate": 0.9976905311778291
      }
    },
    "calibration": {
      "brier_on_correctness": 0.34264916201116874,
      "ece_10bin": 0.3793575418994417,
      "n_with_valid_confidence": 1432
    }
  },
  "legacy": {
    "counts": {
      "overall": {
        "n": 1433
      },
      "high": {
        "n": 1000
      },
      "low": {
        "n": 433
      }
    },
    "metrics": {
      "overall": {
        "accuracy": 0.73831123517097,
        "precision": 0.6695652173913044,
        "recall": 0.4695121951219512,
        "f1": 0.5519713261648745,
        "parsed_rate": 1.0,
        "high_conf_accuracy": 0.6715542521994134,
        "high_conf_coverage": 0.23796231681786462,
        "rationale_ok_rate": 1.0
      },
      "high": {
        "accuracy": 0.755,
        "precision": 0.6359832635983264,
        "recall": 0.49032258064516127,
        "f1": 0.5537340619307832,
        "parsed_rate": 1.0,
        "high_conf_accuracy": 0.635593220338983,
        "high_conf_coverage": 0.236,
        "rationale_ok_rate": 1.0
      },
      "low": {
        "accuracy": 0.6997690531177829,
        "precision": 0.7452830188679245,
        "recall": 0.4340659340659341,
        "f1": 0.548611111111111,
        "parsed_rate": 1.0,
        "high_conf_accuracy": 0.7523809523809524,
        "high_conf_coverage": 0.24249422632794457,
        "rationale_ok_rate": 1.0
      }
    },
    "calibration": {
      "brier_on_correctness": 0.34248604326587134,
      "ece_10bin": 0.37886252616887683,
      "n_with_valid_confidence": 1433
    }
  }
}