{
  "confidence_map": {
    "low": 0.33,
    "medium": 0.66,
    "high": 0.9
  },
  "normalized": {
    "counts": {
      "overall": {
        "n": 1433
      },
      "high": {
        "n": 1000
      },
      "low": {
        "n": 433
      }
    },
    "metrics": {
      "overall": {
        "accuracy": 0.8046057222609909,
        "parsed_rate": 1.0,
        "high_conf_accuracy": 0.8247683235046336,
        "high_conf_coverage": 0.8283321702721563,
        "rationale_ok_rate": 1.0
      },
      "high": {
        "accuracy": 0.902,
        "parsed_rate": 1.0,
        "high_conf_accuracy": 0.9655172413793104,
        "high_conf_coverage": 0.754,
        "rationale_ok_rate": 1.0
      },
      "low": {
        "accuracy": 0.5796766743648961,
        "parsed_rate": 1.0,
        "high_conf_accuracy": 0.5796766743648961,
        "high_conf_coverage": 1.0,
        "rationale_ok_rate": 1.0
      }
    },
    "calibration": {
      "brier_on_correctness": 0.16096189811584088,
      "ece_10bin": 0.08794138171666901,
      "n_with_valid_confidence": 1433
    }
  },
  "strict_raw": {
    "counts": {
      "overall": {
        "n": 1433
      },
      "high": {
        "n": 1000
      },
      "low": {
        "n": 433
      }
    },
    "metrics": {
      "overall": {
        "accuracy": 0.8046057222609909,
        "parsed_rate": 1.0,
        "high_conf_accuracy": 0.8247683235046336,
        "high_conf_coverage": 0.8283321702721563,
        "rationale_ok_rate": 1.0
      },
      "high": {
        "accuracy": 0.902,
        "parsed_rate": 1.0,
        "high_conf_accuracy": 0.9655172413793104,
        "high_conf_coverage": 0.754,
        "rationale_ok_rate": 1.0
      },
      "low": {
        "accuracy": 0.5796766743648961,
        "parsed_rate": 1.0,
        "high_conf_accuracy": 0.5796766743648961,
        "high_conf_coverage": 1.0,
        "rationale_ok_rate": 1.0
      }
    },
    "calibration": {
      "brier_on_correctness": 0.16096189811584088,
      "ece_10bin": 0.08794138171666901,
      "n_with_valid_confidence": 1433
    }
  },
  "legacy": {
    "counts": {
      "overall": {
        "n": 1433
      },
      "high": {
        "n": 1000
      },
      "low": {
        "n": 433
      }
    },
    "metrics": {
      "overall": {
        "accuracy": 0.8046057222609909,
        "parsed_rate": 1.0,
        "high_conf_accuracy": 0.8247683235046336,
        "high_conf_coverage": 0.8283321702721563,
        "rationale_ok_rate": 1.0
      },
      "high": {
        "accuracy": 0.902,
        "parsed_rate": 1.0,
        "high_conf_accuracy": 0.9655172413793104,
        "high_conf_coverage": 0.754,
        "rationale_ok_rate": 1.0
      },
      "low": {
        "accuracy": 0.5796766743648961,
        "parsed_rate": 1.0,
        "high_conf_accuracy": 0.5796766743648961,
        "high_conf_coverage": 1.0,
        "rationale_ok_rate": 1.0
      }
    },
    "calibration": {
      "brier_on_correctness": 0.16096189811584088,
      "ece_10bin": 0.08794138171666901,
      "n_with_valid_confidence": 1433
    }
  }
}