{
  "confidence_map": {
    "low": 0.33,
    "medium": 0.66,
    "high": 0.9
  },
  "normalized": {
    "counts": {
      "overall": {
        "n": 1433
      },
      "high": {
        "n": 1000
      },
      "low": {
        "n": 433
      }
    },
    "metrics": {
      "overall": {
        "accuracy": 0.6566643405443127,
        "parsed_rate": 1.0,
        "high_conf_accuracy": 0.6583897667419112,
        "high_conf_coverage": 0.9274249825540823,
        "rationale_ok_rate": 1.0
      },
      "high": {
        "accuracy": 0.69,
        "parsed_rate": 1.0,
        "high_conf_accuracy": 0.6878363832077503,
        "high_conf_coverage": 0.929,
        "rationale_ok_rate": 1.0
      },
      "low": {
        "accuracy": 0.5796766743648961,
        "parsed_rate": 1.0,
        "high_conf_accuracy": 0.59,
        "high_conf_coverage": 0.9237875288683602,
        "rationale_ok_rate": 1.0
      }
    },
    "calibration": {
      "brier_on_correctness": 0.2858262386601511,
      "ece_10bin": 0.2457222609909277,
      "n_with_valid_confidence": 1433
    }
  },
  "strict_raw": {
    "counts": {
      "overall": {
        "n": 1433
      },
      "high": {
        "n": 1000
      },
      "low": {
        "n": 433
      }
    },
    "metrics": {
      "overall": {
        "accuracy": 0.6147941381716678,
        "parsed_rate": 0.9427773900907188,
        "high_conf_accuracy": 0.6846846846846847,
        "high_conf_coverage": 0.8520586182833217,
        "rationale_ok_rate": 0.9427773900907188
      },
      "high": {
        "accuracy": 0.639,
        "parsed_rate": 0.931,
        "high_conf_accuracy": 0.7022727272727273,
        "high_conf_coverage": 0.88,
        "rationale_ok_rate": 0.931
      },
      "low": {
        "accuracy": 0.558891454965358,
        "parsed_rate": 0.9699769053117783,
        "high_conf_accuracy": 0.6392961876832844,
        "high_conf_coverage": 0.7875288683602771,
        "rationale_ok_rate": 0.9699769053117783
      }
    },
    "calibration": {
      "brier_on_correctness": 0.2623358253145799,
      "ece_10bin": 0.20794226498888926,
      "n_with_valid_confidence": 1351
    }
  },
  "legacy": {
    "counts": {
      "overall": {
        "n": 1433
      },
      "high": {
        "n": 1000
      },
      "low": {
        "n": 433
      }
    },
    "metrics": {
      "overall": {
        "accuracy": 0.6566643405443127,
        "parsed_rate": 1.0,
        "high_conf_accuracy": 0.6583897667419112,
        "high_conf_coverage": 0.9274249825540823,
        "rationale_ok_rate": 1.0
      },
      "high": {
        "accuracy": 0.69,
        "parsed_rate": 1.0,
        "high_conf_accuracy": 0.6878363832077503,
        "high_conf_coverage": 0.929,
        "rationale_ok_rate": 1.0
      },
      "low": {
        "accuracy": 0.5796766743648961,
        "parsed_rate": 1.0,
        "high_conf_accuracy": 0.59,
        "high_conf_coverage": 0.9237875288683602,
        "rationale_ok_rate": 1.0
      }
    },
    "calibration": {
      "brier_on_correctness": 0.2858262386601511,
      "ece_10bin": 0.2457222609909277,
      "n_with_valid_confidence": 1433
    }
  }
}