{
  "confidence_map": {
    "low": 0.33,
    "medium": 0.66,
    "high": 0.9
  },
  "normalized": {
    "counts": {
      "overall": {
        "n": 6699
      },
      "lrl": {
        "n": 2233
      },
      "mrl": {
        "n": 2233
      },
      "hrl": {
        "n": 2233
      }
    },
    "metrics": {
      "overall": {
        "accuracy": 0.8601283773697567,
        "precision": 0.718878812860676,
        "recall": 0.8724362181090545,
        "f1": 0.7882485875706214,
        "parsed_rate": 1.0,
        "high_conf_accuracy": 0.8813462635482031,
        "high_conf_coverage": 0.7850425436632333,
        "rationale_ok_rate": 1.0
      },
      "lrl": {
        "accuracy": 0.8678907299596955,
        "precision": 0.7577962577962578,
        "recall": 0.9216182048040455,
        "f1": 0.8317170564746149,
        "parsed_rate": 1.0,
        "high_conf_accuracy": 0.905911330049261,
        "high_conf_coverage": 0.9090909090909091,
        "rationale_ok_rate": 1.0
      },
      "mrl": {
        "accuracy": 0.8808777429467085,
        "precision": 0.7226890756302521,
        "recall": 0.8835616438356164,
        "f1": 0.7950693374422187,
        "parsed_rate": 1.0,
        "high_conf_accuracy": 0.8913443830570903,
        "high_conf_coverage": 0.729511867442902,
        "rationale_ok_rate": 1.0
      },
      "hrl": {
        "accuracy": 0.8316166592028661,
        "precision": 0.6653333333333333,
        "recall": 0.7996794871794872,
        "f1": 0.7263464337700146,
        "parsed_rate": 1.0,
        "high_conf_accuracy": 0.84,
        "high_conf_coverage": 0.716524854455889,
        "rationale_ok_rate": 1.0
      }
    },
    "calibration": {
      "brier_on_correctness": 0.12226908493804127,
      "ece_10bin": 0.04110464248395992,
      "n_with_valid_confidence": 6699
    }
  },
  "strict_raw": {
    "counts": {
      "overall": {
        "n": 6699
      },
      "lrl": {
        "n": 2233
      },
      "mrl": {
        "n": 2233
      },
      "hrl": {
        "n": 2233
      }
    },
    "metrics": {
      "overall": {
        "accuracy": 0.8599791013584117,
        "precision": 0.718878812860676,
        "recall": 0.8724362181090545,
        "f1": 0.7882485875706214,
        "parsed_rate": 0.999850723988655,
        "high_conf_accuracy": 0.8813462635482031,
        "high_conf_coverage": 0.7850425436632333,
        "rationale_ok_rate": 0.999850723988655
      },
      "lrl": {
        "accuracy": 0.8678907299596955,
        "precision": 0.7577962577962578,
        "recall": 0.9216182048040455,
        "f1": 0.8317170564746149,
        "parsed_rate": 1.0,
        "high_conf_accuracy": 0.905911330049261,
        "high_conf_coverage": 0.9090909090909091,
        "rationale_ok_rate": 1.0
      },
      "mrl": {
        "accuracy": 0.8808777429467085,
        "precision": 0.7226890756302521,
        "recall": 0.8835616438356164,
        "f1": 0.7950693374422187,
        "parsed_rate": 1.0,
        "high_conf_accuracy": 0.8913443830570903,
        "high_conf_coverage": 0.729511867442902,
        "rationale_ok_rate": 1.0
      },
      "hrl": {
        "accuracy": 0.8311688311688312,
        "precision": 0.6653333333333333,
        "recall": 0.7996794871794872,
        "f1": 0.7263464337700146,
        "parsed_rate": 0.999552171965965,
        "high_conf_accuracy": 0.84,
        "high_conf_coverage": 0.716524854455889,
        "rationale_ok_rate": 0.999552171965965
      }
    },
    "calibration": {
      "brier_on_correctness": 0.12222031949834854,
      "ece_10bin": 0.04101074947746305,
      "n_with_valid_confidence": 6698
    }
  },
  "legacy": {
    "counts": {
      "overall": {
        "n": 6699
      },
      "lrl": {
        "n": 2233
      },
      "mrl": {
        "n": 2233
      },
      "hrl": {
        "n": 2233
      }
    },
    "metrics": {
      "overall": {
        "accuracy": 0.8601283773697567,
        "precision": 0.718878812860676,
        "recall": 0.8724362181090545,
        "f1": 0.7882485875706214,
        "parsed_rate": 1.0,
        "high_conf_accuracy": 0.8813462635482031,
        "high_conf_coverage": 0.7850425436632333,
        "rationale_ok_rate": 1.0
      },
      "lrl": {
        "accuracy": 0.8678907299596955,
        "precision": 0.7577962577962578,
        "recall": 0.9216182048040455,
        "f1": 0.8317170564746149,
        "parsed_rate": 1.0,
        "high_conf_accuracy": 0.905911330049261,
        "high_conf_coverage": 0.9090909090909091,
        "rationale_ok_rate": 1.0
      },
      "mrl": {
        "accuracy": 0.8808777429467085,
        "precision": 0.7226890756302521,
        "recall": 0.8835616438356164,
        "f1": 0.7950693374422187,
        "parsed_rate": 1.0,
        "high_conf_accuracy": 0.8913443830570903,
        "high_conf_coverage": 0.729511867442902,
        "rationale_ok_rate": 1.0
      },
      "hrl": {
        "accuracy": 0.8316166592028661,
        "precision": 0.6653333333333333,
        "recall": 0.7996794871794872,
        "f1": 0.7263464337700146,
        "parsed_rate": 1.0,
        "high_conf_accuracy": 0.84,
        "high_conf_coverage": 0.716524854455889,
        "rationale_ok_rate": 1.0
      }
    },
    "calibration": {
      "brier_on_correctness": 0.12226908493804127,
      "ece_10bin": 0.04110464248395992,
      "n_with_valid_confidence": 6699
    }
  }
}